contentid,originimgurl,smallimageurl,cpyrhtDivCd,imgname,serialnum
125683,http://tong.visitkorea.or.kr/cms/resource/67/3006867_image2_1.jpg,http://tong.visitkorea.or.kr/cms/resource/67/3006867_image3_1.jpg,Type3,마차진해변 (1),3006867_3
125683,http://tong.visitkorea.or.kr/cms/resource/69/3006869_image2_1.jpg,http://tong.visitkorea.or.kr/cms/resource/69/3006869_image3_1.jpg,Type3,마차진해변 (3),3006869_1
125683,http://tong.visitkorea.or.kr/cms/resource/70/3006870_image2_1.jpg,http://tong.visitkorea.or.kr/cms/resource/70/3006870_image3_1.jpg,Type3,마차진해변 (4),3006870_2
125683,http://tong.visitkorea.or.kr/cms/resource/72/3006872_image2_1.jpg,http://tong.visitkorea.or.kr/cms/resource/72/3006872_image3_1.jpg,Type3,마차진해변 (6),3006872_4
125684,http://tong.visitkorea.or.kr/cms/resource/83/3516883_image2_1.jpg,http://tong.visitkorea.or.kr/cms/resource/83/3516883_image3_1.jpg,Type1,고성_아야진해변 (2),3516883_1
125684,http://tong.visitkorea.or.kr/cms/resource/84/3516884_image2_1.jpg,http://tong.visitkorea.or.kr/cms/resource/84/3516884_image3_1.jpg,Type1,고성_아야진해변 (3),3516884_4
125684,http://tong.visitkorea.or.kr/cms/resource/85/3516885_image2_1.jpg,http://tong.visitkorea.or.kr/cms/resource/85/3516885_image3_1.jpg,Type1,고성_아야진해변 (4),3516885_5
125684,http://tong.visitkorea.or.kr/cms/resource/86/3516886_image2_1.jpg,http://tong.visitkorea.or.kr/cms/resource/86/3516886_image3_1.jpg,Type1,고성_아야진해변 (5),3516886_7
125684,http://tong.visitkorea.or.kr/cms/resource/87/3516887_image2_1.jpg,http://tong.visitkorea.or.kr/cms/resource/87/3516887_image3_1.jpg,Type1,고성_아야진해변 (6),3516887_2
125684,http://tong.visitkorea.or.kr/cms/resource/88/3516888_image2_1.jpg,http://tong.visitkorea.or.kr/cms/resource/88/3516888_image3_1.jpg,Type1,고성_아야진해변 (7),3516888_3
125684,http://tong.visitkorea.or.kr/cms/resource/89/3516889_image2_1.jpg,http://tong.visitkorea.or.kr/cms/resource/89/3516889_image3_1.jpg,Type1,고성_아야진해변 (8),3516889_6
125686,http://tong.visitkorea.or.kr/cms/resource/61/3517261_image2_1.jpg,http://tong.visitkorea.or.kr/cms/resource/61/3517261_image3_1.jpg,Type1,고성_천진해변 (2),3517261_5
125686,http://tong.visitkorea.or.kr/cms/resource/62/3517262_image2_1.jpg,http://tong.visitkorea.or.kr/cms/resource/62/3517262_image3_1.jpg,Type1,고성_천진해변 (3),3517262_1
125686,http://tong.visitkorea.or.kr/cms/resource/63/3517263_image2_1.jpg,http://tong.visitkorea.or.kr/cms/resource/63/3517263_image3_1.jpg,Type1,고성_천진해변 (4),3517263_3
125686,http://tong.visitkorea.or.kr/cms/resource/64/3517264_image2_1.jpg,http://tong.visitkorea.or.kr/cms/resource/64/3517264_image3_1.jpg,Type1,고성_천진해변 (5),3517264_4
125686,http://tong.visitkorea.or.kr/cms/resource/65/3517265_image2_1.jpg,http://tong.visitkorea.or.kr/cms/resource/65/3517265_image3_1.jpg,Type1,고성_천진해변 (6),3517265_6
125686,http://tong.visitkorea.or.kr/cms/resource/66/3517266_image2_1.jpg,http://tong.visitkorea.or.kr/cms/resource/66/3517266_image3_1.jpg,Type1,고성_천진해변 (7),3517266_2
125692,http://tong.visitkorea.or.kr/cms/resource/37/3516837_image2_1.jpg,http://tong.visitkorea.or.kr/cms/resource/37/3516837_image3_1.jpg,Type1,고성_봉포해변 (2),3516837_2
125692,http://tong.visitkorea.or.kr/cms/resource/38/3516838_image2_1.jpg,http://tong.visitkorea.or.kr/cms/resource/38/3516838_image3_1.jpg,Type1,고성_봉포해변 (3),3516838_3
125692,http://tong.visitkorea.or.kr/cms/resource/39/3516839_image2_1.jpg,http://tong.visitkorea.or.kr/cms/resource/39/3516839_image3_1.jpg,Type1,고성_봉포해변 (4),3516839_4
125692,http://tong.visitkorea.or.kr/cms/resource/40/3516840_image2_1.jpg,http://tong.visitkorea.or.kr/cms/resource/40/3516840_image3_1.jpg,Type1,고성_봉포해변 (5),3516840_5
125692,http://tong.visitkorea.or.kr/cms/resource/41/3516841_image2_1.jpg,http://tong.visitkorea.or.kr/cms/resource/41/3516841_image3_1.jpg,Type1,고성_봉포해변 (6),3516841_1
125706,http://tong.visitkorea.or.kr/cms/resource/44/3029044_image2_1.jpg,http://tong.visitkorea.or.kr/cms/resource/44/3029044_image3_1.jpg,Type3,화진포(강원평화지역 국가지질공원)1_화진포해수욕장,3029044_1
125706,http://tong.visitkorea.or.kr/cms/resource/46/3029046_image2_1.jpg,http://tong.visitkorea.or.kr/cms/resource/46/3029046_image3_1.jpg,Type3,화진포(강원평화지역 국가지질공원)3,3029046_6
125706,http://tong.visitkorea.or.kr/cms/resource/50/3029050_image2_1.jpg,http://tong.visitkorea.or.kr/cms/resource/50/3029050_image3_1.jpg,Type3,화진포(강원평화지역 국가지질공원)7,3029050_3
125706,http://tong.visitkorea.or.kr/cms/resource/51/3029051_image2_1.jpg,http://tong.visitkorea.or.kr/cms/resource/51/3029051_image3_1.jpg,Type3,화진포(강원평화지역 국가지질공원)8,3029051_8
125706,http://tong.visitkorea.or.kr/cms/resource/54/3029054_image2_1.jpg,http://tong.visitkorea.or.kr/cms/resource/54/3029054_image3_1.jpg,Type3,화진포(강원평화지역 국가지질공원)11,3029054_9
125706,http://tong.visitkorea.or.kr/cms/resource/58/3029058_image2_1.jpg,http://tong.visitkorea.or.kr/cms/resource/58/3029058_image3_1.jpg,Type3,화진포(강원평화지역 국가지질공원)15,3029058_2
125706,http://tong.visitkorea.or.kr/cms/resource/59/3029059_image2_1.jpg,http://tong.visitkorea.or.kr/cms/resource/59/3029059_image3_1.jpg,Type3,화진포(강원평화지역 국가지질공원)16_김일성별장,3029059_7
125706,http://tong.visitkorea.or.kr/cms/resource/60/3029060_image2_1.jpg,http://tong.visitkorea.or.kr/cms/resource/60/3029060_image3_1.jpg,Type3,화진포(강원평화지역 국가지질공원)17_이기붕별장,3029060_5
125706,http://tong.visitkorea.or.kr/cms/resource/62/3029062_image2_1.jpg,http://tong.visitkorea.or.kr/cms/resource/62/3029062_image3_1.jpg,Type3,화진포(강원평화지역 국가지질공원)19_화진포콘도,3029062_4
125706,http://tong.visitkorea.or.kr/cms/resource/45/3029045_image2_1.jpg,http://tong.visitkorea.or.kr/cms/resource/45/3029045_image3_1.jpg,Type3,화진포(강원평화지역 국가지질공원)2_화진포호,3029045_18
125715,http://tong.visitkorea.or.kr/cms/resource/72/3070072_image2_1.jpg,http://tong.visitkorea.or.kr/cms/resource/72/3070072_image3_1.jpg,Type3,교암해변 (1),3070072_5
125715,http://tong.visitkorea.or.kr/cms/resource/73/3070073_image2_1.jpg,http://tong.visitkorea.or.kr/cms/resource/73/3070073_image3_1.jpg,Type3,교암해변 (2),3070073_6
125715,http://tong.visitkorea.or.kr/cms/resource/74/3070074_image2_1.jpg,http://tong.visitkorea.or.kr/cms/resource/74/3070074_image3_1.jpg,Type3,교암해변 (3),3070074_8
125715,http://tong.visitkorea.or.kr/cms/resource/75/3070075_image2_1.jpg,http://tong.visitkorea.or.kr/cms/resource/75/3070075_image3_1.jpg,Type3,교암해변 (4),3070075_9
125715,http://tong.visitkorea.or.kr/cms/resource/76/3070076_image2_1.jpg,http://tong.visitkorea.or.kr/cms/resource/76/3070076_image3_1.jpg,Type3,교암해변 (5),3070076_4
125715,http://tong.visitkorea.or.kr/cms/resource/77/3070077_image2_1.jpg,http://tong.visitkorea.or.kr/cms/resource/77/3070077_image3_1.jpg,Type3,교암해변 (6),3070077_2
125715,http://tong.visitkorea.or.kr/cms/resource/78/3070078_image2_1.jpg,http://tong.visitkorea.or.kr/cms/resource/78/3070078_image3_1.jpg,Type3,교암해변 (7),3070078_1
125715,http://tong.visitkorea.or.kr/cms/resource/79/3070079_image2_1.jpg,http://tong.visitkorea.or.kr/cms/resource/79/3070079_image3_1.jpg,Type3,교암해변 (8),3070079_7
125715,http://tong.visitkorea.or.kr/cms/resource/80/3070080_image2_1.jpg,http://tong.visitkorea.or.kr/cms/resource/80/3070080_image3_1.jpg,Type3,교암해변 (9),3070080_3
125739,http://tong.visitkorea.or.kr/cms/resource/73/3515773_image2_1.jpg,http://tong.visitkorea.or.kr/cms/resource/73/3515773_image3_1.jpg,Type1,강원고성_장신유원지 (3),3515773_2
125739,http://tong.visitkorea.or.kr/cms/resource/74/3515774_image2_1.jpg,http://tong.visitkorea.or.kr/cms/resource/74/3515774_image3_1.jpg,Type1,강원고성_장신유원지 (1),3515774_7
125739,http://tong.visitkorea.or.kr/cms/resource/75/3515775_image2_1.jpg,http://tong.visitkorea.or.kr/cms/resource/75/3515775_image3_1.jpg,Type1,강원고성_장신유원지 (2),3515775_3
125739,http://tong.visitkorea.or.kr/cms/resource/76/3515776_image2_1.jpg,http://tong.visitkorea.or.kr/cms/resource/76/3515776_image3_1.jpg,Type1,강원고성_장신유원지 (4),3515776_9
125739,http://tong.visitkorea.or.kr/cms/resource/77/3515777_image2_1.jpg,http://tong.visitkorea.or.kr/cms/resource/77/3515777_image3_1.jpg,Type1,강원고성_장신유원지 (5),3515777_8
125739,http://tong.visitkorea.or.kr/cms/resource/79/3515779_image2_1.jpg,http://tong.visitkorea.or.kr/cms/resource/79/3515779_image3_1.jpg,Type1,강원고성_장신유원지 (10),3515779_4
125739,http://tong.visitkorea.or.kr/cms/resource/80/3515780_image2_1.jpg,http://tong.visitkorea.or.kr/cms/resource/80/3515780_image3_1.jpg,Type1,강원고성_장신유원지 (7),3515780_6
125739,http://tong.visitkorea.or.kr/cms/resource/81/3515781_image2_1.jpg,http://tong.visitkorea.or.kr/cms/resource/81/3515781_image3_1.jpg,Type1,강원고성_장신유원지 (8),3515781_5
125739,http://tong.visitkorea.or.kr/cms/resource/82/3515782_image2_1.jpg,http://tong.visitkorea.or.kr/cms/resource/82/3515782_image3_1.jpg,Type1,강원고성_장신유원지 (9),3515782_1
125752,http://tong.visitkorea.or.kr/cms/resource/11/3016711_image2_1.jpg,http://tong.visitkorea.or.kr/cms/resource/11/3016711_image3_1.jpg,Type3,고성_화암사(고성) (10),3016711_4
125752,http://tong.visitkorea.or.kr/cms/resource/12/3016712_image2_1.jpg,http://tong.visitkorea.or.kr/cms/resource/12/3016712_image3_1.jpg,Type3,고성_화암사(고성) (9),3016712_6
125752,http://tong.visitkorea.or.kr/cms/resource/13/3016713_image2_1.jpg,http://tong.visitkorea.or.kr/cms/resource/13/3016713_image3_1.jpg,Type3,고성_화암사(고성) (8),3016713_2
125752,http://tong.visitkorea.or.kr/cms/resource/14/3016714_image2_1.jpg,http://tong.visitkorea.or.kr/cms/resource/14/3016714_image3_1.jpg,Type3,고성_화암사(고성) (7),3016714_5
125752,http://tong.visitkorea.or.kr/cms/resource/15/3016715_image2_1.jpg,http://tong.visitkorea.or.kr/cms/resource/15/3016715_image3_1.jpg,Type3,고성_화암사(고성) (6),3016715_9
125752,http://tong.visitkorea.or.kr/cms/resource/16/3016716_image2_1.jpg,http://tong.visitkorea.or.kr/cms/resource/16/3016716_image3_1.jpg,Type3,고성_화암사(고성) (5),3016716_3
125752,http://tong.visitkorea.or.kr/cms/resource/17/3016717_image2_1.jpg,http://tong.visitkorea.or.kr/cms/resource/17/3016717_image3_1.jpg,Type3,고성_화암사(고성) (4),3016717_7
125752,http://tong.visitkorea.or.kr/cms/resource/18/3016718_image2_1.jpg,http://tong.visitkorea.or.kr/cms/resource/18/3016718_image3_1.jpg,Type3,고성_화암사(고성) (3),3016718_8
125752,http://tong.visitkorea.or.kr/cms/resource/20/3016720_image2_1.jpg,http://tong.visitkorea.or.kr/cms/resource/20/3016720_image3_1.jpg,Type3,고성_화암사(고성) (1),3016720_1
125804,http://tong.visitkorea.or.kr/cms/resource/66/3332466_image2_1.jpg,http://tong.visitkorea.or.kr/cms/resource/66/3332466_image3_1.jpg,Type3,고성_고성 왕곡마을 (8),3332466_4
125804,http://tong.visitkorea.or.kr/cms/resource/67/3332467_image2_1.jpg,http://tong.visitkorea.or.kr/cms/resource/67/3332467_image2_1.jpg,Type3,고성_고성 왕곡마을 (9),3332467_9
125804,http://tong.visitkorea.or.kr/cms/resource/68/3332468_image2_1.jpg,http://tong.visitkorea.or.kr/cms/resource/68/3332468_image2_1.jpg,Type3,고성_고성 왕곡마을 (10),3332468_8
125804,http://tong.visitkorea.or.kr/cms/resource/69/3332469_image2_1.jpg,http://tong.visitkorea.or.kr/cms/resource/69/3332469_image2_1.jpg,Type3,고성_고성 왕곡마을 (2),3332469_7
125804,http://tong.visitkorea.or.kr/cms/resource/70/3332470_image2_1.jpg,http://tong.visitkorea.or.kr/cms/resource/70/3332470_image2_1.jpg,Type3,고성_고성 왕곡마을 (3),3332470_6
125804,http://tong.visitkorea.or.kr/cms/resource/71/3332471_image2_1.jpg,http://tong.visitkorea.or.kr/cms/resource/71/3332471_image3_1.jpg,Type3,고성_고성 왕곡마을 (4),3332471_5
125804,http://tong.visitkorea.or.kr/cms/resource/72/3332472_image2_1.jpg,http://tong.visitkorea.or.kr/cms/resource/72/3332472_image2_1.jpg,Type3,고성_고성 왕곡마을 (5),3332472_3
125804,http://tong.visitkorea.or.kr/cms/resource/73/3332473_image2_1.jpg,http://tong.visitkorea.or.kr/cms/resource/73/3332473_image3_1.jpg,Type3,고성_고성 왕곡마을 (6),3332473_2
125804,http://tong.visitkorea.or.kr/cms/resource/74/3332474_image2_1.jpg,http://tong.visitkorea.or.kr/cms/resource/74/3332474_image3_1.jpg,Type3,고성_고성 왕곡마을 (7),3332474_1
126691,http://tong.visitkorea.or.kr/cms/resource/14/3517214_image2_1.jpg,http://tong.visitkorea.or.kr/cms/resource/14/3517214_image3_1.jpg,Type1,고성_봉수대해변 (2),3517214_1
126691,http://tong.visitkorea.or.kr/cms/resource/15/3517215_image2_1.jpg,http://tong.visitkorea.or.kr/cms/resource/15/3517215_image3_1.jpg,Type1,고성_봉수대해변 (3),3517215_3
126691,http://tong.visitkorea.or.kr/cms/resource/16/3517216_image2_1.jpg,http://tong.visitkorea.or.kr/cms/resource/16/3517216_image3_1.jpg,Type1,고성_봉수대해변 (4),3517216_2
126691,http://tong.visitkorea.or.kr/cms/resource/17/3517217_image2_1.jpg,http://tong.visitkorea.or.kr/cms/resource/17/3517217_image3_1.jpg,Type1,고성_봉수대해변 (5),3517217_5
126691,http://tong.visitkorea.or.kr/cms/resource/18/3517218_image2_1.jpg,http://tong.visitkorea.or.kr/cms/resource/18/3517218_image3_1.jpg,Type1,고성_봉수대해변 (6),3517218_4
126776,http://tong.visitkorea.or.kr/cms/resource/80/2922080_image2_1.jpg,http://tong.visitkorea.or.kr/cms/resource/80/2922080_image3_1.jpg,Type3,명파해변_1,2922080_6
126776,http://tong.visitkorea.or.kr/cms/resource/81/2922081_image2_1.jpg,http://tong.visitkorea.or.kr/cms/resource/81/2922081_image3_1.jpg,Type3,명파해변_2,2922081_3
126776,http://tong.visitkorea.or.kr/cms/resource/82/2922082_image2_1.jpg,http://tong.visitkorea.or.kr/cms/resource/82/2922082_image3_1.jpg,Type3,명파해변_3,2922082_2
126776,http://tong.visitkorea.or.kr/cms/resource/83/2922083_image2_1.jpg,http://tong.visitkorea.or.kr/cms/resource/83/2922083_image3_1.jpg,Type3,명파해변_4,2922083_7
126776,http://tong.visitkorea.or.kr/cms/resource/84/2922084_image2_1.jpg,http://tong.visitkorea.or.kr/cms/resource/84/2922084_image3_1.jpg,Type3,명파해변_5,2922084_5
126776,http://tong.visitkorea.or.kr/cms/resource/85/2922085_image2_1.jpg,http://tong.visitkorea.or.kr/cms/resource/85/2922085_image3_1.jpg,Type3,명파해변_6,2922085_9
126776,http://tong.visitkorea.or.kr/cms/resource/86/2922086_image2_1.jpg,http://tong.visitkorea.or.kr/cms/resource/86/2922086_image3_1.jpg,Type3,명파해변_7,2922086_8
126776,http://tong.visitkorea.or.kr/cms/resource/87/2922087_image2_1.jpg,http://tong.visitkorea.or.kr/cms/resource/87/2922087_image3_1.jpg,Type3,명파해변_8,2922087_4
126776,http://tong.visitkorea.or.kr/cms/resource/89/2922089_image2_1.jpg,http://tong.visitkorea.or.kr/cms/resource/89/2922089_image3_1.jpg,Type3,명파해변_10,2922089_1
126784,http://tong.visitkorea.or.kr/cms/resource/23/3515823_image2_1.jpg,http://tong.visitkorea.or.kr/cms/resource/23/3515823_image3_1.jpg,Type1,강원고성_거진11리해변 (2),3515823_1
126784,http://tong.visitkorea.or.kr/cms/resource/24/3515824_image2_1.jpg,http://tong.visitkorea.or.kr/cms/resource/24/3515824_image3_1.jpg,Type1,강원고성_거진11리해변 (3),3515824_3
126784,http://tong.visitkorea.or.kr/cms/resource/25/3515825_image2_1.jpg,http://tong.visitkorea.or.kr/cms/resource/25/3515825_image3_1.jpg,Type1,강원고성_거진11리해변 (4),3515825_2
126784,http://tong.visitkorea.or.kr/cms/resource/26/3515826_image2_1.jpg,http://tong.visitkorea.or.kr/cms/resource/26/3515826_image3_1.jpg,Type1,강원고성_거진11리해변 (5),3515826_4
126784,http://tong.visitkorea.or.kr/cms/resource/27/3515827_image2_1.jpg,http://tong.visitkorea.or.kr/cms/resource/27/3515827_image3_1.jpg,Type1,강원고성_거진11리해변 (6),3515827_5
126785,http://tong.visitkorea.or.kr/cms/resource/64/3513764_image2_1.jpg,http://tong.visitkorea.or.kr/cms/resource/64/3513764_image3_1.jpg,Type1,고성_가진해변 (2),3513764_2
126785,http://tong.visitkorea.or.kr/cms/resource/65/3513765_image2_1.jpg,http://tong.visitkorea.or.kr/cms/resource/65/3513765_image3_1.jpg,Type1,고성_가진해변 (3),3513765_1
126785,http://tong.visitkorea.or.kr/cms/resource/66/3513766_image2_1.jpg,http://tong.visitkorea.or.kr/cms/resource/66/3513766_image3_1.jpg,Type1,고성_가진해변 (4),3513766_3
126785,http://tong.visitkorea.or.kr/cms/resource/67/3513767_image2_1.jpg,http://tong.visitkorea.or.kr/cms/resource/67/3513767_image3_1.jpg,Type1,고성_가진해변 (5),3513767_4
126785,http://tong.visitkorea.or.kr/cms/resource/68/3513768_image2_1.jpg,http://tong.visitkorea.or.kr/cms/resource/68/3513768_image3_1.jpg,Type1,고성_가진해변 (6),3513768_5
126788,http://tong.visitkorea.or.kr/cms/resource/49/3048349_image2_1.jpg,http://tong.visitkorea.or.kr/cms/resource/49/3048349_image3_1.jpg,Type3,문암2리해변 (1),3048349_4
126788,http://tong.visitkorea.or.kr/cms/resource/50/3048350_image2_1.jpg,http://tong.visitkorea.or.kr/cms/resource/50/3048350_image3_1.jpg,Type3,문암2리해변 (2),3048350_6
126788,http://tong.visitkorea.or.kr/cms/resource/51/3048351_image2_1.jpg,http://tong.visitkorea.or.kr/cms/resource/51/3048351_image3_1.jpg,Type3,문암2리해변 (3),3048351_2
126788,http://tong.visitkorea.or.kr/cms/resource/53/3048353_image2_1.jpg,http://tong.visitkorea.or.kr/cms/resource/53/3048353_image3_1.jpg,Type3,문암2리해변 (5),3048353_1
126788,http://tong.visitkorea.or.kr/cms/resource/55/3048355_image2_1.jpg,http://tong.visitkorea.or.kr/cms/resource/55/3048355_image3_1.jpg,Type3,문암2리해변 (7),3048355_3
126788,http://tong.visitkorea.or.kr/cms/resource/56/3048356_image2_1.jpg,http://tong.visitkorea.or.kr/cms/resource/56/3048356_image3_1.jpg,Type3,문암2리해변 (8),3048356_5
126788,http://tong.visitkorea.or.kr/cms/resource/57/3048357_image2_1.jpg,http://tong.visitkorea.or.kr/cms/resource/57/3048357_image3_1.jpg,Type3,문암2리해변 (9),3048357_7
126788,http://tong.visitkorea.or.kr/cms/resource/58/3048358_image2_1.jpg,http://tong.visitkorea.or.kr/cms/resource/58/3048358_image3_1.jpg,Type3,문암2리해변 (10),3048358_8
126788,http://tong.visitkorea.or.kr/cms/resource/60/3048360_image2_1.jpg,http://tong.visitkorea.or.kr/cms/resource/60/3048360_image3_1.jpg,Type3,문암2리해변 (12),3048360_9
126788,http://tong.visitkorea.or.kr/cms/resource/52/3048352_image2_1.jpg,http://tong.visitkorea.or.kr/cms/resource/52/3048352_image3_1.jpg,Type3,문암2리해변 (4),3048352_12
126789,http://tong.visitkorea.or.kr/cms/resource/97/3516897_image2_1.jpg,http://tong.visitkorea.or.kr/cms/resource/97/3516897_image3_1.jpg,Type1,고성_청간해변 (2),3516897_3
126789,http://tong.visitkorea.or.kr/cms/resource/98/3516898_image2_1.jpg,http://tong.visitkorea.or.kr/cms/resource/98/3516898_image3_1.jpg,Type1,고성_청간해변 (3),3516898_5
126789,http://tong.visitkorea.or.kr/cms/resource/99/3516899_image2_1.jpg,http://tong.visitkorea.or.kr/cms/resource/99/3516899_image3_1.jpg,Type1,고성_청간해변 (4),3516899_4
126789,http://tong.visitkorea.or.kr/cms/resource/00/3516900_image2_1.jpg,http://tong.visitkorea.or.kr/cms/resource/00/3516900_image3_1.jpg,Type1,고성_청간해변 (5),3516900_1
126789,http://tong.visitkorea.or.kr/cms/resource/01/3516901_image2_1.jpg,http://tong.visitkorea.or.kr/cms/resource/01/3516901_image3_1.jpg,Type1,고성_청간해변 (6),3516901_6
126789,http://tong.visitkorea.or.kr/cms/resource/02/3516902_image2_1.jpg,http://tong.visitkorea.or.kr/cms/resource/02/3516902_image3_1.jpg,Type1,고성_청간해변 (7),3516902_2
126791,http://tong.visitkorea.or.kr/cms/resource/92/3515792_image2_1.jpg,http://tong.visitkorea.or.kr/cms/resource/92/3515792_image3_1.jpg,Type1,강원고성_천학정 문암포구 (1),3515792_2
126791,http://tong.visitkorea.or.kr/cms/resource/93/3515793_image2_1.jpg,http://tong.visitkorea.or.kr/cms/resource/93/3515793_image3_1.jpg,Type1,강원고성_천학정 문암포구 (2),3515793_6
126791,http://tong.visitkorea.or.kr/cms/resource/94/3515794_image2_1.jpg,http://tong.visitkorea.or.kr/cms/resource/94/3515794_image3_1.jpg,Type1,강원고성_천학정 문암포구 (4),3515794_9
126791,http://tong.visitkorea.or.kr/cms/resource/95/3515795_image2_1.jpg,http://tong.visitkorea.or.kr/cms/resource/95/3515795_image3_1.jpg,Type1,강원고성_천학정 문암포구 (5),3515795_4
126791,http://tong.visitkorea.or.kr/cms/resource/97/3515797_image2_1.jpg,http://tong.visitkorea.or.kr/cms/resource/97/3515797_image3_1.jpg,Type1,강원고성_천학정 문암포구 (7),3515797_3
126791,http://tong.visitkorea.or.kr/cms/resource/98/3515798_image2_1.jpg,http://tong.visitkorea.or.kr/cms/resource/98/3515798_image3_1.jpg,Type1,강원고성_천학정 문암포구 (9),3515798_8
126791,http://tong.visitkorea.or.kr/cms/resource/99/3515799_image2_1.jpg,http://tong.visitkorea.or.kr/cms/resource/99/3515799_image3_1.jpg,Type1,강원고성_천학정 문암포구 (10),3515799_5
126791,http://tong.visitkorea.or.kr/cms/resource/00/3515800_image2_1.jpg,http://tong.visitkorea.or.kr/cms/resource/00/3515800_image3_1.jpg,Type1,강원고성_천학정 문암포구 (11),3515800_7
126791,http://tong.visitkorea.or.kr/cms/resource/01/3515801_image2_1.jpg,http://tong.visitkorea.or.kr/cms/resource/01/3515801_image3_1.jpg,Type1,강원고성_천학정 문암포구 (8),3515801_1
126791,http://tong.visitkorea.or.kr/cms/resource/96/3515796_image2_1.jpg,http://tong.visitkorea.or.kr/cms/resource/96/3515796_image3_1.jpg,Type1,강원고성_천학정 문암포구 (6),3515796_10
126792,http://tong.visitkorea.or.kr/cms/resource/12/3528112_image2_1.jpg,http://tong.visitkorea.or.kr/cms/resource/12/3528112_image3_1.jpg,Type1,고성_간성향교 (2),3528112_1
126792,http://tong.visitkorea.or.kr/cms/resource/13/3528113_image2_1.jpg,http://tong.visitkorea.or.kr/cms/resource/13/3528113_image3_1.jpg,Type1,고성_간성향교 (3),3528113_2
126792,http://tong.visitkorea.or.kr/cms/resource/14/3528114_image2_1.jpg,http://tong.visitkorea.or.kr/cms/resource/14/3528114_image3_1.jpg,Type1,고성_간성향교 (4),3528114_3
126792,http://tong.visitkorea.or.kr/cms/resource/15/3528115_image2_1.jpg,http://tong.visitkorea.or.kr/cms/resource/15/3528115_image3_1.jpg,Type1,고성_간성향교 (5),3528115_4
126792,http://tong.visitkorea.or.kr/cms/resource/16/3528116_image2_1.jpg,http://tong.visitkorea.or.kr/cms/resource/16/3528116_image3_1.jpg,Type1,고성_간성향교 (6),3528116_5
126792,http://tong.visitkorea.or.kr/cms/resource/17/3528117_image2_1.jpg,http://tong.visitkorea.or.kr/cms/resource/17/3528117_image3_1.jpg,Type1,고성_간성향교 (7),3528117_6
126792,http://tong.visitkorea.or.kr/cms/resource/18/3528118_image2_1.jpg,http://tong.visitkorea.or.kr/cms/resource/18/3528118_image3_1.jpg,Type1,고성_간성향교 (8),3528118_7
127570,http://tong.visitkorea.or.kr/cms/resource/20/3333020_image2_1.jpg,http://tong.visitkorea.or.kr/cms/resource/20/3333020_image2_1.jpg,Type3,고성_송지호 해안 서낭바위 (7),3333020_7
127570,http://tong.visitkorea.or.kr/cms/resource/22/3333022_image2_1.jpg,http://tong.visitkorea.or.kr/cms/resource/22/3333022_image3_1.jpg,Type3,고성_송지호 해안 서낭바위 (9),3333022_2
127570,http://tong.visitkorea.or.kr/cms/resource/23/3333023_image2_1.jpg,http://tong.visitkorea.or.kr/cms/resource/23/3333023_image2_1.jpg,Type3,고성_송지호 해안 서낭바위 (1),3333023_8
127570,http://tong.visitkorea.or.kr/cms/resource/24/3333024_image2_1.jpg,http://tong.visitkorea.or.kr/cms/resource/24/3333024_image3_1.jpg,Type3,고성_송지호 해안 서낭바위 (2),3333024_6
127570,http://tong.visitkorea.or.kr/cms/resource/25/3333025_image2_1.jpg,http://tong.visitkorea.or.kr/cms/resource/25/3333025_image3_1.jpg,Type3,고성_송지호 해안 서낭바위 (3),3333025_5
127570,http://tong.visitkorea.or.kr/cms/resource/26/3333026_image2_1.jpg,http://tong.visitkorea.or.kr/cms/resource/26/3333026_image2_1.jpg,Type3,고성_송지호 해안 서낭바위 (4),3333026_4
127570,http://tong.visitkorea.or.kr/cms/resource/27/3333027_image2_1.jpg,http://tong.visitkorea.or.kr/cms/resource/27/3333027_image2_1.jpg,Type3,고성_송지호 해안 서낭바위 (5),3333027_3
127570,http://tong.visitkorea.or.kr/cms/resource/28/3333028_image2_1.jpg,http://tong.visitkorea.or.kr/cms/resource/28/3333028_image2_1.jpg,Type3,고성_송지호 해안 서낭바위 (6),3333028_1
127587,http://tong.visitkorea.or.kr/cms/resource/85/3516785_image2_1.jpg,http://tong.visitkorea.or.kr/cms/resource/85/3516785_image3_1.jpg,Type1,고성_삼포해변 (1),3516785_6
127587,http://tong.visitkorea.or.kr/cms/resource/87/3516787_image2_1.jpg,http://tong.visitkorea.or.kr/cms/resource/87/3516787_image3_1.jpg,Type1,고성_삼포해변 (3),3516787_1
127587,http://tong.visitkorea.or.kr/cms/resource/88/3516788_image2_1.jpg,http://tong.visitkorea.or.kr/cms/resource/88/3516788_image3_1.jpg,Type1,고성_삼포해변 (4),3516788_2
127587,http://tong.visitkorea.or.kr/cms/resource/89/3516789_image2_1.jpg,http://tong.visitkorea.or.kr/cms/resource/89/3516789_image3_1.jpg,Type1,고성_삼포해변 (5),3516789_3
127587,http://tong.visitkorea.or.kr/cms/resource/90/3516790_image2_1.jpg,http://tong.visitkorea.or.kr/cms/resource/90/3516790_image3_1.jpg,Type1,고성_삼포해변 (6),3516790_4
127587,http://tong.visitkorea.or.kr/cms/resource/91/3516791_image2_1.jpg,http://tong.visitkorea.or.kr/cms/resource/91/3516791_image3_1.jpg,Type1,고성_삼포해변 (7),3516791_5
127874,http://tong.visitkorea.or.kr/cms/resource/10/3516810_image2_1.jpg,http://tong.visitkorea.or.kr/cms/resource/10/3516810_image3_1.jpg,Type1,고성_송지호 해수욕장 (1),3516810_1
127874,http://tong.visitkorea.or.kr/cms/resource/12/3516812_image2_1.jpg,http://tong.visitkorea.or.kr/cms/resource/12/3516812_image3_1.jpg,Type1,고성_송지호 해수욕장 (2),3516812_2
127874,http://tong.visitkorea.or.kr/cms/resource/13/3516813_image2_1.jpg,http://tong.visitkorea.or.kr/cms/resource/13/3516813_image3_1.jpg,Type1,고성_송지호 해수욕장 (3),3516813_3
127874,http://tong.visitkorea.or.kr/cms/resource/15/3516815_image2_1.jpg,http://tong.visitkorea.or.kr/cms/resource/15/3516815_image3_1.jpg,Type1,고성_송지호 해수욕장 (5),3516815_4
127874,http://tong.visitkorea.or.kr/cms/resource/16/3516816_image2_1.jpg,http://tong.visitkorea.or.kr/cms/resource/16/3516816_image3_1.jpg,Type1,고성_송지호 해수욕장 (6),3516816_6
127874,http://tong.visitkorea.or.kr/cms/resource/17/3516817_image2_1.jpg,http://tong.visitkorea.or.kr/cms/resource/17/3516817_image3_1.jpg,Type1,고성_송지호 해수욕장 (7),3516817_5
128171,http://tong.visitkorea.or.kr/cms/resource/55/2599055_image2_1.jpg,http://tong.visitkorea.or.kr/cms/resource/55/2599055_image3_1.jpg,Type3,"강원_고성_평화 관광의 ‘뉴 페이스’, 고성통일전망타워_02",2599055_2
128171,http://tong.visitkorea.or.kr/cms/resource/57/2599057_image2_1.jpg,http://tong.visitkorea.or.kr/cms/resource/57/2599057_image3_1.jpg,Type3,"강원_고성_평화 관광의 ‘뉴 페이스’, 고성통일전망타워_04",2599057_3
128171,http://tong.visitkorea.or.kr/cms/resource/59/2599059_image2_1.jpg,http://tong.visitkorea.or.kr/cms/resource/59/2599059_image3_1.jpg,Type3,"강원_고성_평화 관광의 ‘뉴 페이스’, 고성통일전망타워_06",2599059_1
128171,http://tong.visitkorea.or.kr/cms/resource/60/2599060_image2_1.jpg,http://tong.visitkorea.or.kr/cms/resource/60/2599060_image3_1.jpg,Type3,"강원_고성_평화 관광의 ‘뉴 페이스’, 고성통일전망타워_07",2599060_4
128171,http://tong.visitkorea.or.kr/cms/resource/66/2929566_image2_1.jpg,http://tong.visitkorea.or.kr/cms/resource/66/2929566_image3_1.jpg,Type3,통일전망대_2,2929566_8
128171,http://tong.visitkorea.or.kr/cms/resource/67/2929567_image2_1.jpg,http://tong.visitkorea.or.kr/cms/resource/67/2929567_image3_1.jpg,Type3,통일전망대_3,2929567_7
128171,http://tong.visitkorea.or.kr/cms/resource/68/2929568_image2_1.jpg,http://tong.visitkorea.or.kr/cms/resource/68/2929568_image3_1.jpg,Type3,통일전망대_4,2929568_5
128171,http://tong.visitkorea.or.kr/cms/resource/70/2929570_image2_1.jpg,http://tong.visitkorea.or.kr/cms/resource/70/2929570_image3_1.jpg,Type3,통일전망대_6,2929570_6
128171,http://tong.visitkorea.or.kr/cms/resource/72/2929572_image2_1.jpg,http://tong.visitkorea.or.kr/cms/resource/72/2929572_image3_1.jpg,Type3,통일전망대_8,2929572_9
128171,http://tong.visitkorea.or.kr/cms/resource/65/2929565_image2_1.jpg,http://tong.visitkorea.or.kr/cms/resource/65/2929565_image3_1.jpg,Type3,통일전망대_1,2929565_10
128749,http://tong.visitkorea.or.kr/cms/resource/51/3515851_image2_1.jpg,http://tong.visitkorea.or.kr/cms/resource/51/3515851_image3_1.jpg,Type1,강원고성_거진항 (9),3515851_9
128749,http://tong.visitkorea.or.kr/cms/resource/52/3515852_image2_1.jpg,http://tong.visitkorea.or.kr/cms/resource/52/3515852_image3_1.jpg,Type1,강원고성_거진항 (10),3515852_2
128749,http://tong.visitkorea.or.kr/cms/resource/53/3515853_image2_1.jpg,http://tong.visitkorea.or.kr/cms/resource/53/3515853_image3_1.jpg,Type1,강원고성_거진항 (3),3515853_1
128749,http://tong.visitkorea.or.kr/cms/resource/54/3515854_image2_1.jpg,http://tong.visitkorea.or.kr/cms/resource/54/3515854_image3_1.jpg,Type1,강원고성_거진항 (4),3515854_8
128749,http://tong.visitkorea.or.kr/cms/resource/55/3515855_image2_1.jpg,http://tong.visitkorea.or.kr/cms/resource/55/3515855_image3_1.jpg,Type1,강원고성_거진항 (2),3515855_3
128749,http://tong.visitkorea.or.kr/cms/resource/67/3515867_image2_1.jpg,http://tong.visitkorea.or.kr/cms/resource/67/3515867_image3_1.jpg,Type1,강원고성_거진항 (5),3515867_4
128749,http://tong.visitkorea.or.kr/cms/resource/68/3515868_image2_1.jpg,http://tong.visitkorea.or.kr/cms/resource/68/3515868_image3_1.jpg,Type1,강원고성_거진항 (6),3515868_7
128749,http://tong.visitkorea.or.kr/cms/resource/69/3515869_image2_1.jpg,http://tong.visitkorea.or.kr/cms/resource/69/3515869_image3_1.jpg,Type1,강원고성_거진항 (7),3515869_5
128749,http://tong.visitkorea.or.kr/cms/resource/70/3515870_image2_1.jpg,http://tong.visitkorea.or.kr/cms/resource/70/3515870_image3_1.jpg,Type1,강원고성_거진항 (8),3515870_6
128750,http://tong.visitkorea.or.kr/cms/resource/53/3517253_image2_1.jpg,http://tong.visitkorea.or.kr/cms/resource/53/3517253_image3_1.jpg,Type1,고성_자작도해변 (1),3517253_1
128750,http://tong.visitkorea.or.kr/cms/resource/54/3517254_image2_1.jpg,http://tong.visitkorea.or.kr/cms/resource/54/3517254_image3_1.jpg,Type1,고성_자작도해변 (2),3517254_2
128750,http://tong.visitkorea.or.kr/cms/resource/55/3517255_image2_1.jpg,http://tong.visitkorea.or.kr/cms/resource/55/3517255_image3_1.jpg,Type1,고성_자작도해변 (3),3517255_3
128750,http://tong.visitkorea.or.kr/cms/resource/57/3517257_image2_1.jpg,http://tong.visitkorea.or.kr/cms/resource/57/3517257_image3_1.jpg,Type1,고성_자작도해변 (5),3517257_5
128750,http://tong.visitkorea.or.kr/cms/resource/58/3517258_image2_1.jpg,http://tong.visitkorea.or.kr/cms/resource/58/3517258_image3_1.jpg,Type1,고성_자작도해변 (6),3517258_4
128750,http://tong.visitkorea.or.kr/cms/resource/59/3517259_image2_1.jpg,http://tong.visitkorea.or.kr/cms/resource/59/3517259_image3_1.jpg,Type1,고성_자작도해변 (7),3517259_6
129178,http://tong.visitkorea.or.kr/cms/resource/86/3515886_image2_1.jpg,http://tong.visitkorea.or.kr/cms/resource/86/3515886_image3_1.jpg,Type1,강원고성_대진 등대 (4),3515886_2
129178,http://tong.visitkorea.or.kr/cms/resource/87/3515887_image2_1.jpg,http://tong.visitkorea.or.kr/cms/resource/87/3515887_image3_1.jpg,Type1,강원고성_대진 등대 (1),3515887_3
129178,http://tong.visitkorea.or.kr/cms/resource/88/3515888_image2_1.jpg,http://tong.visitkorea.or.kr/cms/resource/88/3515888_image3_1.jpg,Type1,강원고성_대진 등대 (2),3515888_4
129178,http://tong.visitkorea.or.kr/cms/resource/89/3515889_image2_1.jpg,http://tong.visitkorea.or.kr/cms/resource/89/3515889_image3_1.jpg,Type1,강원고성_대진 등대 (3),3515889_1
129178,http://tong.visitkorea.or.kr/cms/resource/90/3515890_image2_1.jpg,http://tong.visitkorea.or.kr/cms/resource/90/3515890_image3_1.jpg,Type1,강원고성_대진 등대 (5),3515890_6
129178,http://tong.visitkorea.or.kr/cms/resource/91/3515891_image2_1.jpg,http://tong.visitkorea.or.kr/cms/resource/91/3515891_image3_1.jpg,Type1,강원고성_대진 등대 (6),3515891_5
129591,http://tong.visitkorea.or.kr/cms/resource/98/3388598_image2_1.jpg,http://tong.visitkorea.or.kr/cms/resource/98/3388598_image3_1.jpg,Type3,고성_이승만별장(고성) (1),3388598_5
129591,http://tong.visitkorea.or.kr/cms/resource/99/3388599_image2_1.jpg,http://tong.visitkorea.or.kr/cms/resource/99/3388599_image3_1.jpg,Type3,고성_이승만별장(고성) (2),3388599_2
129591,http://tong.visitkorea.or.kr/cms/resource/00/3388600_image2_1.jpg,http://tong.visitkorea.or.kr/cms/resource/00/3388600_image3_1.jpg,Type3,고성_이승만별장(고성) (3),3388600_8
129591,http://tong.visitkorea.or.kr/cms/resource/01/3388601_image2_1.jpg,http://tong.visitkorea.or.kr/cms/resource/01/3388601_image3_1.jpg,Type3,고성_이승만별장(고성) (4),3388601_1
129591,http://tong.visitkorea.or.kr/cms/resource/03/3388603_image2_1.jpg,http://tong.visitkorea.or.kr/cms/resource/03/3388603_image3_1.jpg,Type3,고성_이승만별장(고성) (6),3388603_3
129591,http://tong.visitkorea.or.kr/cms/resource/04/3388604_image2_1.jpg,http://tong.visitkorea.or.kr/cms/resource/04/3388604_image3_1.jpg,Type3,고성_이승만별장(고성) (7),3388604_4
129591,http://tong.visitkorea.or.kr/cms/resource/05/3388605_image2_1.jpg,http://tong.visitkorea.or.kr/cms/resource/05/3388605_image3_1.jpg,Type3,고성_이승만별장(고성) (8),3388605_7
129591,http://tong.visitkorea.or.kr/cms/resource/06/3388606_image2_1.jpg,http://tong.visitkorea.or.kr/cms/resource/06/3388606_image3_1.jpg,Type3,고성_이승만별장(고성) (9),3388606_6
129889,http://tong.visitkorea.or.kr/cms/resource/78/3081078_image2_1.jpg,http://tong.visitkorea.or.kr/cms/resource/78/3081078_image3_1.jpg,Type3,강원_고성_고성문화원 (4),3081078_2
129889,http://tong.visitkorea.or.kr/cms/resource/79/3081079_image2_1.jpg,http://tong.visitkorea.or.kr/cms/resource/79/3081079_image3_1.jpg,Type3,강원_고성_고성문화원 (9),3081079_4
129889,http://tong.visitkorea.or.kr/cms/resource/80/3081080_image2_1.jpg,http://tong.visitkorea.or.kr/cms/resource/80/3081080_image3_1.jpg,Type3,강원_고성_고성문화원 (10),3081080_7
129889,http://tong.visitkorea.or.kr/cms/resource/81/3081081_image2_1.jpg,http://tong.visitkorea.or.kr/cms/resource/81/3081081_image3_1.jpg,Type3,강원_고성_고성문화원 (11),3081081_1
129889,http://tong.visitkorea.or.kr/cms/resource/83/3081083_image2_1.jpg,http://tong.visitkorea.or.kr/cms/resource/83/3081083_image3_1.jpg,Type3,강원_고성_고성문화원 (18),3081083_6
129889,http://tong.visitkorea.or.kr/cms/resource/84/3081084_image2_1.jpg,http://tong.visitkorea.or.kr/cms/resource/84/3081084_image3_1.jpg,Type3,강원_고성_고성문화원 (23),3081084_5
129889,http://tong.visitkorea.or.kr/cms/resource/86/3081086_image2_1.jpg,http://tong.visitkorea.or.kr/cms/resource/86/3081086_image3_1.jpg,Type3,강원_고성_고성문화원 (15),3081086_3
131068,http://tong.visitkorea.or.kr/cms/resource/07/1813107_image2_1.jpg,http://tong.visitkorea.or.kr/cms/resource/07/1813107_image3_1.jpg,Type3,강원도_고성_화진포(바다낚시)01,1813107_1
131068,http://tong.visitkorea.or.kr/cms/resource/09/1813109_image2_1.jpg,http://tong.visitkorea.or.kr/cms/resource/09/1813109_image3_1.jpg,Type3,강원도_고성_화진포(바다낚시)04,1813109_3
131068,http://tong.visitkorea.or.kr/cms/resource/13/1813113_image2_1.jpg,http://tong.visitkorea.or.kr/cms/resource/13/1813113_image3_1.jpg,Type3,강원도_고성_화진포(바다낚시)05,1813113_4
131068,http://tong.visitkorea.or.kr/cms/resource/86/2653286_image2_1.jpg,http://tong.visitkorea.or.kr/cms/resource/86/2653286_image3_1.jpg,Type3,화진포,2653286_7
131068,http://tong.visitkorea.or.kr/cms/resource/87/2653287_image2_1.jpg,http://tong.visitkorea.or.kr/cms/resource/87/2653287_image3_1.jpg,Type3,화진포,2653287_5
131068,http://tong.visitkorea.or.kr/cms/resource/88/2653288_image2_1.jpg,http://tong.visitkorea.or.kr/cms/resource/88/2653288_image3_1.jpg,Type3,화진포,2653288_6
131068,http://tong.visitkorea.or.kr/cms/resource/89/2653289_image2_1.jpg,http://tong.visitkorea.or.kr/cms/resource/89/2653289_image3_1.jpg,Type3,화진포,2653289_8
131068,http://tong.visitkorea.or.kr/cms/resource/90/2653290_image2_1.jpg,http://tong.visitkorea.or.kr/cms/resource/90/2653290_image3_1.jpg,Type3,화진포,2653290_2
132783,http://tong.visitkorea.or.kr/cms/resource/70/3378470_image2_1.JPG,http://tong.visitkorea.or.kr/cms/resource/70/3378470_image3_1.JPG,Type3,"고성_고성 간성시장 (2, 7일) (2)",3378470_1
132783,http://tong.visitkorea.or.kr/cms/resource/72/3378472_image2_1.JPG,http://tong.visitkorea.or.kr/cms/resource/72/3378472_image3_1.JPG,Type3,"고성_고성 간성시장 (2, 7일) (3)",3378472_2
132783,http://tong.visitkorea.or.kr/cms/resource/75/3378475_image2_1.JPG,http://tong.visitkorea.or.kr/cms/resource/75/3378475_image3_1.JPG,Type3,"고성_고성 간성시장 (2, 7일) (4)",3378475_3
132783,http://tong.visitkorea.or.kr/cms/resource/77/3378477_image2_1.JPG,http://tong.visitkorea.or.kr/cms/resource/77/3378477_image3_1.JPG,Type3,"고성_고성 간성시장 (2, 7일) (5)",3378477_4
132783,http://tong.visitkorea.or.kr/cms/resource/78/3378478_image2_1.JPG,http://tong.visitkorea.or.kr/cms/resource/78/3378478_image3_1.JPG,Type3,"고성_고성 간성시장 (2, 7일) (6)",3378478_5
132783,http://tong.visitkorea.or.kr/cms/resource/79/3378479_image2_1.JPG,http://tong.visitkorea.or.kr/cms/resource/79/3378479_image3_1.JPG,Type3,"고성_고성 간성시장 (2, 7일) (7)",3378479_6
132784,http://tong.visitkorea.or.kr/cms/resource/64/3026764_image2_1.jpg,http://tong.visitkorea.or.kr/cms/resource/64/3026764_image3_1.jpg,Type3,고성 거진장 거진시장 (1),3026764_1
132784,http://tong.visitkorea.or.kr/cms/resource/65/3026765_image2_1.jpg,http://tong.visitkorea.or.kr/cms/resource/65/3026765_image3_1.jpg,Type3,고성 거진장 거진시장 (2),3026765_3
132784,http://tong.visitkorea.or.kr/cms/resource/66/3026766_image2_1.jpg,http://tong.visitkorea.or.kr/cms/resource/66/3026766_image3_1.jpg,Type3,고성 거진장 거진시장 (3),3026766_8
132784,http://tong.visitkorea.or.kr/cms/resource/67/3026767_image2_1.jpg,http://tong.visitkorea.or.kr/cms/resource/67/3026767_image3_1.jpg,Type3,고성 거진장 거진시장 (4),3026767_7
132784,http://tong.visitkorea.or.kr/cms/resource/70/3026770_image2_1.jpg,http://tong.visitkorea.or.kr/cms/resource/70/3026770_image3_1.jpg,Type3,고성 거진장 거진시장 (7),3026770_5
132784,http://tong.visitkorea.or.kr/cms/resource/72/3026772_image2_1.jpg,http://tong.visitkorea.or.kr/cms/resource/72/3026772_image3_1.jpg,Type3,고성 거진장 거진시장 (9),3026772_4
132784,http://tong.visitkorea.or.kr/cms/resource/76/3026776_image2_1.jpg,http://tong.visitkorea.or.kr/cms/resource/76/3026776_image3_1.jpg,Type3,고성 거진장 거진시장 (13),3026776_9
132784,http://tong.visitkorea.or.kr/cms/resource/77/3026777_image2_1.jpg,http://tong.visitkorea.or.kr/cms/resource/77/3026777_image3_1.jpg,Type3,고성 거진장 거진시장 (14),3026777_2
132784,http://tong.visitkorea.or.kr/cms/resource/78/3026778_image2_1.jpg,http://tong.visitkorea.or.kr/cms/resource/78/3026778_image3_1.jpg,Type3,고성 거진장 거진시장 (15),3026778_6
132784,http://tong.visitkorea.or.kr/cms/resource/68/3026768_image2_1.jpg,http://tong.visitkorea.or.kr/cms/resource/68/3026768_image3_1.jpg,Type3,고성 거진장 거진시장 (5),3026768_15
1911421,http://tong.visitkorea.or.kr/cms/resource/37/3026737_image2_1.jpg,http://tong.visitkorea.or.kr/cms/resource/37/3026737_image3_1.jpg,Type3,고성 DMZ박물관 뮤지엄샵 (1),3026737_1
1911421,http://tong.visitkorea.or.kr/cms/resource/38/3026738_image2_1.jpg,http://tong.visitkorea.or.kr/cms/resource/38/3026738_image3_1.jpg,Type3,고성 DMZ박물관 뮤지엄샵 (2),3026738_4
1911421,http://tong.visitkorea.or.kr/cms/resource/42/3026742_image2_1.jpg,http://tong.visitkorea.or.kr/cms/resource/42/3026742_image3_1.jpg,Type3,고성 DMZ박물관 뮤지엄샵 (6),3026742_5
1911421,http://tong.visitkorea.or.kr/cms/resource/43/3026743_image2_1.jpg,http://tong.visitkorea.or.kr/cms/resource/43/3026743_image3_1.jpg,Type3,고성 DMZ박물관 뮤지엄샵 (7),3026743_9
1911421,http://tong.visitkorea.or.kr/cms/resource/44/3026744_image2_1.jpg,http://tong.visitkorea.or.kr/cms/resource/44/3026744_image3_1.jpg,Type3,고성 DMZ박물관 뮤지엄샵 (8),3026744_3
1911421,http://tong.visitkorea.or.kr/cms/resource/45/3026745_image2_1.jpg,http://tong.visitkorea.or.kr/cms/resource/45/3026745_image3_1.jpg,Type3,고성 DMZ박물관 뮤지엄샵 (9),3026745_6
1911421,http://tong.visitkorea.or.kr/cms/resource/49/3026749_image2_1.jpg,http://tong.visitkorea.or.kr/cms/resource/49/3026749_image3_1.jpg,Type3,고성 DMZ박물관 뮤지엄샵 (13),3026749_8
1911421,http://tong.visitkorea.or.kr/cms/resource/51/3026751_image2_1.jpg,http://tong.visitkorea.or.kr/cms/resource/51/3026751_image3_1.jpg,Type3,고성 DMZ박물관 뮤지엄샵 (15),3026751_7
1911421,http://tong.visitkorea.or.kr/cms/resource/40/3026740_image2_1.jpg,http://tong.visitkorea.or.kr/cms/resource/40/3026740_image3_1.jpg,Type3,고성 DMZ박물관 뮤지엄샵 (4),3026740_14
1911421,http://tong.visitkorea.or.kr/cms/resource/41/3026741_image2_1.jpg,http://tong.visitkorea.or.kr/cms/resource/41/3026741_image3_1.jpg,Type3,고성 DMZ박물관 뮤지엄샵 (5),3026741_11
1922074,http://tong.visitkorea.or.kr/cms/resource/11/3394011_image2_1.JPG,http://tong.visitkorea.or.kr/cms/resource/11/3394011_image3_1.JPG,Type3,화진포역사안보전시관 (2),3394011_2
1922074,http://tong.visitkorea.or.kr/cms/resource/12/3394012_image2_1.JPG,http://tong.visitkorea.or.kr/cms/resource/12/3394012_image3_1.JPG,Type3,화진포역사안보전시관 (3),3394012_5
1922074,http://tong.visitkorea.or.kr/cms/resource/13/3394013_image2_1.JPG,http://tong.visitkorea.or.kr/cms/resource/13/3394013_image3_1.JPG,Type3,화진포역사안보전시관 (4),3394013_6
1922074,http://tong.visitkorea.or.kr/cms/resource/14/3394014_image2_1.JPG,http://tong.visitkorea.or.kr/cms/resource/14/3394014_image3_1.JPG,Type3,화진포역사안보전시관 (5),3394014_4
1922074,http://tong.visitkorea.or.kr/cms/resource/15/3394015_image2_1.JPG,http://tong.visitkorea.or.kr/cms/resource/15/3394015_image3_1.JPG,Type3,화진포역사안보전시관 (6),3394015_1
1922074,http://tong.visitkorea.or.kr/cms/resource/16/3394016_image2_1.JPG,http://tong.visitkorea.or.kr/cms/resource/16/3394016_image3_1.JPG,Type3,화진포역사안보전시관 (7),3394016_3
2514792,http://tong.visitkorea.or.kr/cms/resource/37/3492137_image2_1.JPG,http://tong.visitkorea.or.kr/cms/resource/37/3492137_image3_1.JPG,Type3,고성_하늬라벤더팜 (1),3492137_1
2514792,http://tong.visitkorea.or.kr/cms/resource/38/3492138_image2_1.jpg,http://tong.visitkorea.or.kr/cms/resource/38/3492138_image3_1.jpg,Type3,고성_하늬라벤더팜 (2),3492138_2
2514792,http://tong.visitkorea.or.kr/cms/resource/39/3492139_image2_1.jpg,http://tong.visitkorea.or.kr/cms/resource/39/3492139_image3_1.jpg,Type3,고성_하늬라벤더팜 (3),3492139_3
2514820,http://tong.visitkorea.or.kr/cms/resource/35/3515835_image2_1.jpg,http://tong.visitkorea.or.kr/cms/resource/35/3515835_image3_1.jpg,Type1,강원고성_가진항 (3),3515835_2
2514820,http://tong.visitkorea.or.kr/cms/resource/37/3515837_image2_1.jpg,http://tong.visitkorea.or.kr/cms/resource/37/3515837_image3_1.jpg,Type1,강원고성_가진항 (2),3515837_1
2514820,http://tong.visitkorea.or.kr/cms/resource/38/3515838_image2_1.jpg,http://tong.visitkorea.or.kr/cms/resource/38/3515838_image3_1.jpg,Type1,강원고성_가진항 (4),3515838_3
2514820,http://tong.visitkorea.or.kr/cms/resource/39/3515839_image2_1.jpg,http://tong.visitkorea.or.kr/cms/resource/39/3515839_image3_1.jpg,Type1,강원고성_가진항 (5),3515839_5
2514820,http://tong.visitkorea.or.kr/cms/resource/40/3515840_image2_1.jpg,http://tong.visitkorea.or.kr/cms/resource/40/3515840_image3_1.jpg,Type1,강원고성_가진항 (6),3515840_6
2514820,http://tong.visitkorea.or.kr/cms/resource/41/3515841_image2_1.jpg,http://tong.visitkorea.or.kr/cms/resource/41/3515841_image3_1.jpg,Type1,강원고성_가진항 (7),3515841_4
2514823,http://tong.visitkorea.or.kr/cms/resource/33/3016333_image2_1.jpg,http://tong.visitkorea.or.kr/cms/resource/33/3016333_image3_1.jpg,Type3,해오름거진항생선찜 (3),3016333_1
2514823,http://tong.visitkorea.or.kr/cms/resource/38/3016338_image2_1.jpg,http://tong.visitkorea.or.kr/cms/resource/38/3016338_image3_1.jpg,Type3,해오름거진항생선찜 (8),3016338_2
2514823,http://tong.visitkorea.or.kr/cms/resource/41/3016341_image2_1.jpg,http://tong.visitkorea.or.kr/cms/resource/41/3016341_image3_1.jpg,Type3,해오름거진항생선찜 (11),3016341_3
2514823,http://tong.visitkorea.or.kr/cms/resource/44/3016344_image2_1.jpg,http://tong.visitkorea.or.kr/cms/resource/44/3016344_image3_1.jpg,Type3,해오름거진항생선찜 (14),3016344_4
2514832,http://tong.visitkorea.or.kr/cms/resource/91/3016291_image2_1.jpg,http://tong.visitkorea.or.kr/cms/resource/91/3016291_image3_1.jpg,Type3,청보횟집 (6),3016291_2
2514832,http://tong.visitkorea.or.kr/cms/resource/92/3016292_image2_1.jpg,http://tong.visitkorea.or.kr/cms/resource/92/3016292_image3_1.jpg,Type3,청보횟집 (7),3016292_4
2514832,http://tong.visitkorea.or.kr/cms/resource/97/3016297_image2_1.jpg,http://tong.visitkorea.or.kr/cms/resource/97/3016297_image3_1.jpg,Type3,청보횟집 (12),3016297_1
2514832,http://tong.visitkorea.or.kr/cms/resource/01/3016301_image2_1.jpg,http://tong.visitkorea.or.kr/cms/resource/01/3016301_image3_1.jpg,Type3,청보횟집 (16),3016301_3
2514847,http://tong.visitkorea.or.kr/cms/resource/11/3016311_image2_1.jpg,http://tong.visitkorea.or.kr/cms/resource/11/3016311_image3_1.jpg,Type3,고성 문암리 유적 (1),3016311_7
2514847,http://tong.visitkorea.or.kr/cms/resource/12/3016312_image2_1.jpg,http://tong.visitkorea.or.kr/cms/resource/12/3016312_image3_1.jpg,Type3,고성 문암리 유적 (2),3016312_9
2514847,http://tong.visitkorea.or.kr/cms/resource/18/3016318_image2_1.jpg,http://tong.visitkorea.or.kr/cms/resource/18/3016318_image3_1.jpg,Type3,고성 문암리 유적 (8),3016318_6
2514847,http://tong.visitkorea.or.kr/cms/resource/22/3016322_image2_1.jpg,http://tong.visitkorea.or.kr/cms/resource/22/3016322_image3_1.jpg,Type3,고성 문암리 유적 (12),3016322_1
2514847,http://tong.visitkorea.or.kr/cms/resource/23/3016323_image2_1.jpg,http://tong.visitkorea.or.kr/cms/resource/23/3016323_image3_1.jpg,Type3,고성 문암리 유적 (13),3016323_4
2514847,http://tong.visitkorea.or.kr/cms/resource/24/3016324_image2_1.jpg,http://tong.visitkorea.or.kr/cms/resource/24/3016324_image3_1.jpg,Type3,고성 문암리 유적 (14),3016324_2
2514847,http://tong.visitkorea.or.kr/cms/resource/28/3016328_image2_1.jpg,http://tong.visitkorea.or.kr/cms/resource/28/3016328_image3_1.jpg,Type3,고성 문암리 유적 (18),3016328_8
2514847,http://tong.visitkorea.or.kr/cms/resource/29/3016329_image2_1.jpg,http://tong.visitkorea.or.kr/cms/resource/29/3016329_image3_1.jpg,Type3,고성 문암리 유적 (19),3016329_3
2514847,http://tong.visitkorea.or.kr/cms/resource/30/3016330_image2_1.jpg,http://tong.visitkorea.or.kr/cms/resource/30/3016330_image3_1.jpg,Type3,고성 문암리 유적 (20),3016330_5
2514847,http://tong.visitkorea.or.kr/cms/resource/26/3016326_image2_1.jpg,http://tong.visitkorea.or.kr/cms/resource/26/3016326_image3_1.jpg,Type3,고성 문암리 유적 (16),3016326_10
2570207,http://tong.visitkorea.or.kr/cms/resource/70/3363770_image2_1.jpg,http://tong.visitkorea.or.kr/cms/resource/70/3363770_image3_1.jpg,Type3,고성_능파대 (강원평화지역 국가지질공원) (1),3363770_5
2570207,http://tong.visitkorea.or.kr/cms/resource/71/3363771_image2_1.jpg,http://tong.visitkorea.or.kr/cms/resource/71/3363771_image3_1.jpg,Type3,고성_능파대 (강원평화지역 국가지질공원) (2),3363771_4
2570207,http://tong.visitkorea.or.kr/cms/resource/72/3363772_image2_1.jpg,http://tong.visitkorea.or.kr/cms/resource/72/3363772_image3_1.jpg,Type3,고성_능파대 (강원평화지역 국가지질공원) (3),3363772_3
2570207,http://tong.visitkorea.or.kr/cms/resource/74/3363774_image2_1.jpg,http://tong.visitkorea.or.kr/cms/resource/74/3363774_image3_1.jpg,Type3,고성_능파대 (강원평화지역 국가지질공원) (5),3363774_2
2570207,http://tong.visitkorea.or.kr/cms/resource/75/3363775_image2_1.jpg,http://tong.visitkorea.or.kr/cms/resource/75/3363775_image3_1.jpg,Type3,고성_능파대 (강원평화지역 국가지질공원) (6),3363775_1
2616507,http://tong.visitkorea.or.kr/cms/resource/04/2616504_image2_1.bmp,http://tong.visitkorea.or.kr/cms/resource/04/2616504_image3_1.bmp,Type3,고성 제3기 현무암_4,2616504_1
2616507,http://tong.visitkorea.or.kr/cms/resource/05/2616505_image2_1.bmp,http://tong.visitkorea.or.kr/cms/resource/05/2616505_image2_1.bmp,Type3,고성 제3기 현무암_5,2616505_3
2616507,http://tong.visitkorea.or.kr/cms/resource/06/2616506_image2_1.bmp,http://tong.visitkorea.or.kr/cms/resource/06/2616506_image2_1.bmp,Type3,고성 제3기 현무암_6,2616506_2
2724982,http://tong.visitkorea.or.kr/cms/resource/95/3006795_image2_1.jpg,http://tong.visitkorea.or.kr/cms/resource/95/3006795_image3_1.jpg,Type3,화진포해수욕장 (2),3006795_3
2724982,http://tong.visitkorea.or.kr/cms/resource/96/3006796_image2_1.jpg,http://tong.visitkorea.or.kr/cms/resource/96/3006796_image3_1.jpg,Type3,화진포해수욕장 (3),3006796_5
2724982,http://tong.visitkorea.or.kr/cms/resource/99/3006799_image2_1.jpg,http://tong.visitkorea.or.kr/cms/resource/99/3006799_image3_1.jpg,Type3,화진포해수욕장 (6),3006799_9
2724982,http://tong.visitkorea.or.kr/cms/resource/01/3006801_image2_1.jpg,http://tong.visitkorea.or.kr/cms/resource/01/3006801_image3_1.jpg,Type3,화진포해수욕장 (8),3006801_1
2724982,http://tong.visitkorea.or.kr/cms/resource/02/3006802_image2_1.jpg,http://tong.visitkorea.or.kr/cms/resource/02/3006802_image3_1.jpg,Type3,화진포해수욕장 (9),3006802_4
2724982,http://tong.visitkorea.or.kr/cms/resource/03/3006803_image2_1.jpg,http://tong.visitkorea.or.kr/cms/resource/03/3006803_image3_1.jpg,Type3,화진포해수욕장 (10),3006803_8
2724982,http://tong.visitkorea.or.kr/cms/resource/05/3006805_image2_1.jpg,http://tong.visitkorea.or.kr/cms/resource/05/3006805_image3_1.jpg,Type3,화진포해수욕장 (12),3006805_7
2724982,http://tong.visitkorea.or.kr/cms/resource/14/3006814_image2_1.jpg,http://tong.visitkorea.or.kr/cms/resource/14/3006814_image3_1.jpg,Type3,화진포해수욕장 (18),3006814_2
2724982,http://tong.visitkorea.or.kr/cms/resource/16/3006816_image2_1.jpg,http://tong.visitkorea.or.kr/cms/resource/16/3006816_image3_1.jpg,Type3,화진포해수욕장 (19),3006816_6
2724982,http://tong.visitkorea.or.kr/cms/resource/94/3006794_image2_1.jpg,http://tong.visitkorea.or.kr/cms/resource/94/3006794_image3_1.jpg,Type3,화진포해수욕장 (1),3006794_15
2727232,http://tong.visitkorea.or.kr/cms/resource/09/2727209_image2_1.jpg,http://tong.visitkorea.or.kr/cms/resource/09/2727209_image2_1.jpg,Type3,봉수대오토캠핑장_카라반내부,2727209_3
2727232,http://tong.visitkorea.or.kr/cms/resource/17/2727217_image2_1.jpg,http://tong.visitkorea.or.kr/cms/resource/17/2727217_image3_1.jpg,Type3,봉수대오토캠핑장_데크전경2,2727217_2
2727232,http://tong.visitkorea.or.kr/cms/resource/18/2727218_image2_1.jpg,http://tong.visitkorea.or.kr/cms/resource/18/2727218_image3_1.jpg,Type3,봉수대오토캠핑장_카라반,2727218_1
2727232,http://tong.visitkorea.or.kr/cms/resource/19/2727219_image2_1.jpg,http://tong.visitkorea.or.kr/cms/resource/19/2727219_image2_1.jpg,Type3,봉수대오토캠핑장_카라반전경,2727219_4
2729401,http://tong.visitkorea.or.kr/cms/resource/27/2729227_image2_1.JPG,http://tong.visitkorea.or.kr/cms/resource/27/2729227_image2_1.JPG,Type3,백도해수용장오토캠핑장_데크1,2729227_4
2729401,http://tong.visitkorea.or.kr/cms/resource/28/2729228_image2_1.JPG,http://tong.visitkorea.or.kr/cms/resource/28/2729228_image3_1.JPG,Type3,백도해수용장오토캠핑장_데크2,2729228_1
2729401,http://tong.visitkorea.or.kr/cms/resource/29/2729229_image2_1.JPG,http://tong.visitkorea.or.kr/cms/resource/29/2729229_image3_1.JPG,Type3,백도해수욕장오토캠핑장_전경1,2729229_2
2729401,http://tong.visitkorea.or.kr/cms/resource/30/2729230_image2_1.JPG,http://tong.visitkorea.or.kr/cms/resource/30/2729230_image3_1.JPG,Type3,백도해수욕장오토캠핑장_전경2,2729230_3
2729960,http://tong.visitkorea.or.kr/cms/resource/19/2729919_image2_1.jpg,http://tong.visitkorea.or.kr/cms/resource/19/2729919_image2_1.jpg,Type3,청간정카라반_전경,2729919_4
2729960,http://tong.visitkorea.or.kr/cms/resource/23/2729923_image2_1.jpg,http://tong.visitkorea.or.kr/cms/resource/23/2729923_image2_1.jpg,Type3,청간정카라반_해변,2729923_2
2729960,http://tong.visitkorea.or.kr/cms/resource/24/2729924_image2_1.jpg,http://tong.visitkorea.or.kr/cms/resource/24/2729924_image3_1.jpg,Type3,청간정카라반_카라반,2729924_3
2729960,http://tong.visitkorea.or.kr/cms/resource/25/2729925_image2_1.jpg,http://tong.visitkorea.or.kr/cms/resource/25/2729925_image2_1.jpg,Type3,청간정카라반_카라반내부,2729925_1
2734062,http://tong.visitkorea.or.kr/cms/resource/66/2734166_image2_1.JPG,http://tong.visitkorea.or.kr/cms/resource/66/2734166_image2_1.JPG,Type3,티피캠핑장_공동화장실,2734166_2
2734062,http://tong.visitkorea.or.kr/cms/resource/69/2734169_image2_1.JPG,http://tong.visitkorea.or.kr/cms/resource/69/2734169_image3_1.JPG,Type3,티피캠핑장_전경2,2734169_1
2734062,http://tong.visitkorea.or.kr/cms/resource/70/2734170_image2_1.JPG,http://tong.visitkorea.or.kr/cms/resource/70/2734170_image2_1.JPG,Type3,티피캠핑장_전경3,2734170_3
2734062,http://tong.visitkorea.or.kr/cms/resource/72/2734172_image2_1.JPG,http://tong.visitkorea.or.kr/cms/resource/72/2734172_image3_1.JPG,Type3,티피캠핑장_전경4,2734172_4
2734070,http://tong.visitkorea.or.kr/cms/resource/79/2734779_image2_1.JPG,http://tong.visitkorea.or.kr/cms/resource/79/2734779_image3_1.JPG,Type3,수목화송정마을오토캠핑장_전경,2734779_1
2734070,http://tong.visitkorea.or.kr/cms/resource/82/2734782_image2_1.JPG,http://tong.visitkorea.or.kr/cms/resource/82/2734782_image3_1.JPG,Type3,수목화송정마을오토캠핑장_입구,2734782_4
2734070,http://tong.visitkorea.or.kr/cms/resource/84/2734784_image2_1.JPG,http://tong.visitkorea.or.kr/cms/resource/84/2734784_image2_1.JPG,Type3,수목화송정마을오토캠핑장_데크_쉼터,2734784_2
2734070,http://tong.visitkorea.or.kr/cms/resource/85/2734785_image2_1.JPG,http://tong.visitkorea.or.kr/cms/resource/85/2734785_image2_1.JPG,Type3,수목화송정마을오토캠핑장_데크,2734785_3
2735355,http://tong.visitkorea.or.kr/cms/resource/94/3515894_image2_1.jpg,http://tong.visitkorea.or.kr/cms/resource/94/3515894_image3_1.jpg,Type1,강원고성_거진등대해맞이공원 (1),3515894_4
2735355,http://tong.visitkorea.or.kr/cms/resource/95/3515895_image2_1.jpg,http://tong.visitkorea.or.kr/cms/resource/95/3515895_image3_1.jpg,Type1,강원고성_거진등대해맞이공원 (2),3515895_5
2735355,http://tong.visitkorea.or.kr/cms/resource/08/3515908_image2_1.jpg,http://tong.visitkorea.or.kr/cms/resource/08/3515908_image3_1.jpg,Type1,강원고성_거진등대해맞이공원 (5),3515908_2
2735355,http://tong.visitkorea.or.kr/cms/resource/09/3515909_image2_1.jpg,http://tong.visitkorea.or.kr/cms/resource/09/3515909_image3_1.jpg,Type1,강원고성_거진등대해맞이공원 (6),3515909_1
2735355,http://tong.visitkorea.or.kr/cms/resource/10/3515910_image2_1.jpg,http://tong.visitkorea.or.kr/cms/resource/10/3515910_image3_1.jpg,Type1,강원고성_거진등대해맞이공원 (9),3515910_9
2735355,http://tong.visitkorea.or.kr/cms/resource/11/3515911_image2_1.jpg,http://tong.visitkorea.or.kr/cms/resource/11/3515911_image3_1.jpg,Type1,강원고성_거진등대해맞이공원 (10),3515911_8
2735355,http://tong.visitkorea.or.kr/cms/resource/12/3515912_image2_1.jpg,http://tong.visitkorea.or.kr/cms/resource/12/3515912_image3_1.jpg,Type1,강원고성_거진등대해맞이공원 (8),3515912_7
2735355,http://tong.visitkorea.or.kr/cms/resource/13/3515913_image2_1.jpg,http://tong.visitkorea.or.kr/cms/resource/13/3515913_image3_1.jpg,Type1,강원고성_거진등대해맞이공원 (12),3515913_6
2735355,http://tong.visitkorea.or.kr/cms/resource/14/3515914_image2_1.jpg,http://tong.visitkorea.or.kr/cms/resource/14/3515914_image3_1.jpg,Type1,강원고성_거진등대해맞이공원 (11),3515914_3
2735355,http://tong.visitkorea.or.kr/cms/resource/96/3515896_image2_1.jpg,http://tong.visitkorea.or.kr/cms/resource/96/3515896_image3_1.jpg,Type1,강원고성_거진등대해맞이공원 (3),3515896_10
2735605,http://tong.visitkorea.or.kr/cms/resource/29/3517229_image2_1.jpg,http://tong.visitkorea.or.kr/cms/resource/29/3517229_image3_1.jpg,Type1,고성_천진항 (5),3517229_4
2735605,http://tong.visitkorea.or.kr/cms/resource/30/3517230_image2_1.jpg,http://tong.visitkorea.or.kr/cms/resource/30/3517230_image3_1.jpg,Type1,고성_천진항 (6),3517230_3
2735605,http://tong.visitkorea.or.kr/cms/resource/71/3517271_image2_1.jpg,http://tong.visitkorea.or.kr/cms/resource/71/3517271_image3_1.jpg,Type1,고성_천진항 (2),3517271_1
2735605,http://tong.visitkorea.or.kr/cms/resource/72/3517272_image2_1.jpg,http://tong.visitkorea.or.kr/cms/resource/72/3517272_image3_1.jpg,Type1,고성_천진항 (3),3517272_2
2735605,http://tong.visitkorea.or.kr/cms/resource/73/3517273_image2_1.jpg,http://tong.visitkorea.or.kr/cms/resource/73/3517273_image3_1.jpg,Type1,고성_천진항 (4),3517273_5
2745718,http://tong.visitkorea.or.kr/cms/resource/70/2746470_image2_1.JPG,http://tong.visitkorea.or.kr/cms/resource/70/2746470_image3_1.JPG,Type3,명파해변오토캠핑장_공용화장실,2746470_6
2745718,http://tong.visitkorea.or.kr/cms/resource/71/2746471_image2_1.JPG,http://tong.visitkorea.or.kr/cms/resource/71/2746471_image3_1.JPG,Type3,명파해변오토캠핑장_관리사무소,2746471_4
2745718,http://tong.visitkorea.or.kr/cms/resource/73/2746473_image2_1.JPG,http://tong.visitkorea.or.kr/cms/resource/73/2746473_image3_1.JPG,Type3,명파해변오토캠핑장_전경,2746473_5
2745718,http://tong.visitkorea.or.kr/cms/resource/80/2921080_image2_1.jpg,http://tong.visitkorea.or.kr/cms/resource/80/2921080_image3_1.jpg,Type3,명파해변 오토캠핑장_1,2921080_9
2745718,http://tong.visitkorea.or.kr/cms/resource/81/2921081_image2_1.jpg,http://tong.visitkorea.or.kr/cms/resource/81/2921081_image3_1.jpg,Type3,명파해변 오토캠핑장_2,2921081_3
2745718,http://tong.visitkorea.or.kr/cms/resource/82/2921082_image2_1.jpg,http://tong.visitkorea.or.kr/cms/resource/82/2921082_image3_1.jpg,Type3,명파해변 오토캠핑장_3,2921082_7
2745718,http://tong.visitkorea.or.kr/cms/resource/84/2921084_image2_1.jpg,http://tong.visitkorea.or.kr/cms/resource/84/2921084_image3_1.jpg,Type3,명파해변 오토캠핑장_5,2921084_1
2745718,http://tong.visitkorea.or.kr/cms/resource/86/2921086_image2_1.jpg,http://tong.visitkorea.or.kr/cms/resource/86/2921086_image3_1.jpg,Type3,명파해변 오토캠핑장_7,2921086_2
2745718,http://tong.visitkorea.or.kr/cms/resource/89/2921089_image2_1.jpg,http://tong.visitkorea.or.kr/cms/resource/89/2921089_image3_1.jpg,Type3,명파해변 오토캠핑장_10,2921089_8
2745718,http://tong.visitkorea.or.kr/cms/resource/74/2746474_image2_1.JPG,http://tong.visitkorea.or.kr/cms/resource/74/2746474_image2_1.JPG,Type3,명파해변오토캠핑장_전경2,2746474_13
2747957,http://tong.visitkorea.or.kr/cms/resource/59/2747959_image2_1.jpg,http://tong.visitkorea.or.kr/cms/resource/59/2747959_image3_1.jpg,Type3,강원평화누리길_16코스_코스전경(1),2747959_2
2747957,http://tong.visitkorea.or.kr/cms/resource/68/2747968_image2_1.jpg,http://tong.visitkorea.or.kr/cms/resource/68/2747968_image3_1.jpg,Type3,강원평화누리길_16코스_코스전경(7),2747968_1
2747957,http://tong.visitkorea.or.kr/cms/resource/71/2747971_image2_1.jpg,http://tong.visitkorea.or.kr/cms/resource/71/2747971_image3_1.jpg,Type3,강원평화누리길_16코스_코스전경(5),2747971_5
2747957,http://tong.visitkorea.or.kr/cms/resource/72/2747972_image2_1.jpg,http://tong.visitkorea.or.kr/cms/resource/72/2747972_image3_1.jpg,Type3,강원평화누리길_16코스_코스전경(4),2747972_6
2747957,http://tong.visitkorea.or.kr/cms/resource/74/2747974_image2_1.jpg,http://tong.visitkorea.or.kr/cms/resource/74/2747974_image3_1.jpg,Type3,강원평화누리길_16코스_코스전경(6),2747974_4
2747957,http://tong.visitkorea.or.kr/cms/resource/75/2747975_image2_1.jpg,http://tong.visitkorea.or.kr/cms/resource/75/2747975_image2_1.jpg,Type3,강원평화누리길_16코스_코스전경(3),2747975_7
2753110,http://tong.visitkorea.or.kr/cms/resource/26/2752926_image2_1.JPG,http://tong.visitkorea.or.kr/cms/resource/26/2752926_image3_1.JPG,Type3,꽃내라팜_전경1,2752926_3
2753110,http://tong.visitkorea.or.kr/cms/resource/27/2752927_image2_1.JPG,http://tong.visitkorea.or.kr/cms/resource/27/2752927_image2_1.JPG,Type3,꽃내라팜_전경2,2752927_4
2753110,http://tong.visitkorea.or.kr/cms/resource/29/2752929_image2_1.JPG,http://tong.visitkorea.or.kr/cms/resource/29/2752929_image2_1.JPG,Type3,꽃내라팜_주변물가,2752929_2
2753110,http://tong.visitkorea.or.kr/cms/resource/30/2752930_image2_1.JPG,http://tong.visitkorea.or.kr/cms/resource/30/2752930_image2_1.JPG,Type3,꽃내라팜_텐트,2752930_1
2774697,http://tong.visitkorea.or.kr/cms/resource/68/3516868_image2_1.jpg,http://tong.visitkorea.or.kr/cms/resource/68/3516868_image3_1.jpg,Type1,고성_오호항 (2),3516868_2
2774697,http://tong.visitkorea.or.kr/cms/resource/69/3516869_image2_1.jpg,http://tong.visitkorea.or.kr/cms/resource/69/3516869_image3_1.jpg,Type1,고성_오호항 (3),3516869_3
2774697,http://tong.visitkorea.or.kr/cms/resource/70/3516870_image2_1.jpg,http://tong.visitkorea.or.kr/cms/resource/70/3516870_image3_1.jpg,Type1,고성_오호항 (4),3516870_5
2774697,http://tong.visitkorea.or.kr/cms/resource/71/3516871_image2_1.jpg,http://tong.visitkorea.or.kr/cms/resource/71/3516871_image3_1.jpg,Type1,고성_오호항 (5),3516871_7
2774697,http://tong.visitkorea.or.kr/cms/resource/72/3516872_image2_1.jpg,http://tong.visitkorea.or.kr/cms/resource/72/3516872_image3_1.jpg,Type1,고성_오호항 (6),3516872_6
2774697,http://tong.visitkorea.or.kr/cms/resource/73/3516873_image2_1.jpg,http://tong.visitkorea.or.kr/cms/resource/73/3516873_image3_1.jpg,Type1,고성_오호항 (7),3516873_1
2774697,http://tong.visitkorea.or.kr/cms/resource/74/3516874_image2_1.jpg,http://tong.visitkorea.or.kr/cms/resource/74/3516874_image3_1.jpg,Type1,고성_오호항 (8),3516874_4
2782478,http://tong.visitkorea.or.kr/cms/resource/04/2786604_image2_1.jpg,http://tong.visitkorea.or.kr/cms/resource/04/2786604_image2_1.jpg,Type3,강원_고성_해파랑길49코스_염관식 04,2786604_2
2782478,http://tong.visitkorea.or.kr/cms/resource/07/2786607_image2_1.jpg,http://tong.visitkorea.or.kr/cms/resource/07/2786607_image3_1.jpg,Type3,강원_고성_해파랑길49코스_염관식 06,2786607_4
2782478,http://tong.visitkorea.or.kr/cms/resource/09/2786609_image2_1.jpg,http://tong.visitkorea.or.kr/cms/resource/09/2786609_image3_1.jpg,Type3,강원_고성_해파랑길49코스_염관식 07,2786609_3
2782478,http://tong.visitkorea.or.kr/cms/resource/12/2786612_image2_1.jpg,http://tong.visitkorea.or.kr/cms/resource/12/2786612_image3_1.jpg,Type3,강원_고성_해파랑길49코스_염관식 01,2786612_1
2782486,http://tong.visitkorea.or.kr/cms/resource/89/2786589_image2_1.jpg,http://tong.visitkorea.or.kr/cms/resource/89/2786589_image3_1.jpg,Type3,강원_고성_해파랑길48코스_염관식 02,2786589_3
2782486,http://tong.visitkorea.or.kr/cms/resource/91/2786591_image2_1.jpg,http://tong.visitkorea.or.kr/cms/resource/91/2786591_image3_1.jpg,Type3,강원_고성_해파랑길48코스_염관식 05,2786591_1
2782486,http://tong.visitkorea.or.kr/cms/resource/93/2786593_image2_1.jpg,http://tong.visitkorea.or.kr/cms/resource/93/2786593_image2_1.jpg,Type3,강원_고성_해파랑길48코스_염관식 07,2786593_2
2782509,http://tong.visitkorea.or.kr/cms/resource/76/2786576_image2_1.jpg,http://tong.visitkorea.or.kr/cms/resource/76/2786576_image2_1.jpg,Type3,강원_고성_해파랑길47코스_염관식 02,2786576_1
2782509,http://tong.visitkorea.or.kr/cms/resource/78/2786578_image2_1.jpg,http://tong.visitkorea.or.kr/cms/resource/78/2786578_image2_1.jpg,Type3,강원_고성_해파랑길47코스_염관식 03,2786578_3
2782509,http://tong.visitkorea.or.kr/cms/resource/80/2786580_image2_1.jpg,http://tong.visitkorea.or.kr/cms/resource/80/2786580_image3_1.jpg,Type3,강원_고성_해파랑길47코스_염관식 04,2786580_2
2782509,http://tong.visitkorea.or.kr/cms/resource/81/2786581_image2_1.jpg,http://tong.visitkorea.or.kr/cms/resource/81/2786581_image2_1.jpg,Type3,강원_고성_해파랑길47코스_염관식 05,2786581_5
2782509,http://tong.visitkorea.or.kr/cms/resource/83/2786583_image2_1.jpg,http://tong.visitkorea.or.kr/cms/resource/83/2786583_image3_1.jpg,Type3,강원_고성_해파랑길47코스_염관식 06,2786583_4
2782584,http://tong.visitkorea.or.kr/cms/resource/16/2786516_image2_1.jpg,http://tong.visitkorea.or.kr/cms/resource/16/2786516_image3_1.jpg,Type3,강원_고성_백촌막국수_염관식 01,2786516_3
2782584,http://tong.visitkorea.or.kr/cms/resource/19/2786519_image2_1.jpg,http://tong.visitkorea.or.kr/cms/resource/19/2786519_image3_1.jpg,Type3,강원_고성_백촌막국수_염관식 02,2786519_2
2782584,http://tong.visitkorea.or.kr/cms/resource/21/2786521_image2_1.jpg,http://tong.visitkorea.or.kr/cms/resource/21/2786521_image3_1.jpg,Type3,강원_고성_백촌막국수_염관식 03,2786521_1
2782917,http://tong.visitkorea.or.kr/cms/resource/64/2793064_image2_1.jpg,http://tong.visitkorea.or.kr/cms/resource/64/2793064_image2_1.jpg,Type3,강원_고성_글라스하우스_풍경2,2793064_5
2782917,http://tong.visitkorea.or.kr/cms/resource/66/2793066_image2_1.jpg,http://tong.visitkorea.or.kr/cms/resource/66/2793066_image3_1.jpg,Type3,강원_고성_글라스하우스_풍경3,2793066_8
2782917,http://tong.visitkorea.or.kr/cms/resource/69/2793069_image2_1.jpg,http://tong.visitkorea.or.kr/cms/resource/69/2793069_image3_1.jpg,Type3,강원_고성_글라스하우스_풍경4,2793069_7
2782917,http://tong.visitkorea.or.kr/cms/resource/07/2919307_image2_1.jpg,http://tong.visitkorea.or.kr/cms/resource/07/2919307_image3_1.jpg,Type3,글라스하우스_1,2919307_6
2782917,http://tong.visitkorea.or.kr/cms/resource/09/2919309_image2_1.jpg,http://tong.visitkorea.or.kr/cms/resource/09/2919309_image3_1.jpg,Type3,글라스하우스_3,2919309_2
2782917,http://tong.visitkorea.or.kr/cms/resource/11/2919311_image2_1.jpg,http://tong.visitkorea.or.kr/cms/resource/11/2919311_image3_1.jpg,Type3,글라스하우스_5,2919311_9
2782917,http://tong.visitkorea.or.kr/cms/resource/13/2919313_image2_1.jpg,http://tong.visitkorea.or.kr/cms/resource/13/2919313_image3_1.jpg,Type3,글라스하우스_7,2919313_3
2782917,http://tong.visitkorea.or.kr/cms/resource/15/2919315_image2_1.jpg,http://tong.visitkorea.or.kr/cms/resource/15/2919315_image3_1.jpg,Type3,글라스하우스_9,2919315_4
2782917,http://tong.visitkorea.or.kr/cms/resource/16/2919316_image2_1.jpg,http://tong.visitkorea.or.kr/cms/resource/16/2919316_image3_1.jpg,Type3,글라스하우스_10,2919316_1
2782917,http://tong.visitkorea.or.kr/cms/resource/61/2793061_image2_1.jpg,http://tong.visitkorea.or.kr/cms/resource/61/2793061_image3_1.jpg,Type3,강원_고성_글라스하우스_풍경1,2793061_11
2791407,http://tong.visitkorea.or.kr/cms/resource/68/2792768_image2_1.jpg,http://tong.visitkorea.or.kr/cms/resource/68/2792768_image2_1.jpg,Type3,화진포해양박물관 (5),2792768_4
2791407,http://tong.visitkorea.or.kr/cms/resource/71/2792771_image2_1.jpg,http://tong.visitkorea.or.kr/cms/resource/71/2792771_image3_1.jpg,Type3,화진포해양박물관 (4),2792771_1
2791407,http://tong.visitkorea.or.kr/cms/resource/74/2792774_image2_1.jpg,http://tong.visitkorea.or.kr/cms/resource/74/2792774_image2_1.jpg,Type3,화진포해양박물관 (3),2792774_2
2791407,http://tong.visitkorea.or.kr/cms/resource/76/2792776_image2_1.jpg,http://tong.visitkorea.or.kr/cms/resource/76/2792776_image2_1.jpg,Type3,화진포해양박물관 (2),2792776_3
2807083,http://tong.visitkorea.or.kr/cms/resource/72/2689472_image2_1.jpg,http://tong.visitkorea.or.kr/cms/resource/72/2689472_image3_1.jpg,Type3,"강원_고성_[소도시 낭만여행 마이리틀시티] 바다앓이에 마침표를 찍다, 눈 시리도록 푸른 초겨울 고성_20",2689472_3
2807083,http://tong.visitkorea.or.kr/cms/resource/73/2689473_image2_1.jpg,http://tong.visitkorea.or.kr/cms/resource/73/2689473_image3_1.jpg,Type3,"강원_고성_[소도시 낭만여행 마이리틀시티] 바다앓이에 마침표를 찍다, 눈 시리도록 푸른 초겨울 고성_21",2689473_1
2807083,http://tong.visitkorea.or.kr/cms/resource/76/2689476_image2_1.jpg,http://tong.visitkorea.or.kr/cms/resource/76/2689476_image3_1.jpg,Type3,"강원_고성_[소도시 낭만여행 마이리틀시티] 바다앓이에 마침표를 찍다, 눈 시리도록 푸른 초겨울 고성_22",2689476_2
2837878,http://tong.visitkorea.or.kr/cms/resource/71/2837871_image2_1.JPG,http://tong.visitkorea.or.kr/cms/resource/71/2837871_image3_1.JPG,Type3,강원도_고성군_스위밍터틀_실내 (1),2837871_1
2837878,http://tong.visitkorea.or.kr/cms/resource/72/2837872_image2_1.JPG,http://tong.visitkorea.or.kr/cms/resource/72/2837872_image3_1.JPG,Type3,강원도_고성군_스위밍터틀_실내 (2),2837872_3
2837878,http://tong.visitkorea.or.kr/cms/resource/73/2837873_image2_1.JPG,http://tong.visitkorea.or.kr/cms/resource/73/2837873_image3_1.JPG,Type3,강원도_고성군_스위밍터틀_실내 (4),2837873_2
2837878,http://tong.visitkorea.or.kr/cms/resource/75/2837875_image2_1.JPG,http://tong.visitkorea.or.kr/cms/resource/75/2837875_image3_1.JPG,Type3,강원도_고성군_스위밍터틀_전경 (6),2837875_4
2837896,http://tong.visitkorea.or.kr/cms/resource/89/2837889_image2_1.JPG,http://tong.visitkorea.or.kr/cms/resource/89/2837889_image3_1.JPG,Type3,강원도_고성군_아야트커피_실내 (1),2837889_3
2837896,http://tong.visitkorea.or.kr/cms/resource/90/2837890_image2_1.JPG,http://tong.visitkorea.or.kr/cms/resource/90/2837890_image3_1.JPG,Type3,강원도_고성군_아야트커피_실내 (2),2837890_2
2837896,http://tong.visitkorea.or.kr/cms/resource/91/2837891_image2_1.JPG,http://tong.visitkorea.or.kr/cms/resource/91/2837891_image3_1.JPG,Type3,강원도_고성군_아야트커피_음료 (1),2837891_4
2837896,http://tong.visitkorea.or.kr/cms/resource/93/2837893_image2_1.JPG,http://tong.visitkorea.or.kr/cms/resource/93/2837893_image3_1.JPG,Type3,강원도_고성군_아야트커피_전경 (9),2837893_1
2839753,http://tong.visitkorea.or.kr/cms/resource/43/2839743_image2_1.JPG,http://tong.visitkorea.or.kr/cms/resource/43/2839743_image3_1.JPG,Type3,강원도_고성군_언더버튼_베이커리 (1),2839743_1
2839753,http://tong.visitkorea.or.kr/cms/resource/44/2839744_image2_1.JPG,http://tong.visitkorea.or.kr/cms/resource/44/2839744_image3_1.JPG,Type3,강원도_고성군_언더버튼_베이커리 (3),2839744_4
2839753,http://tong.visitkorea.or.kr/cms/resource/45/2839745_image2_1.JPG,http://tong.visitkorea.or.kr/cms/resource/45/2839745_image3_1.JPG,Type3,강원도_고성군_언더버튼_실내 (1),2839745_3
2839753,http://tong.visitkorea.or.kr/cms/resource/46/2839746_image2_1.JPG,http://tong.visitkorea.or.kr/cms/resource/46/2839746_image3_1.JPG,Type3,강원도_고성군_언더버튼_실내 (2),2839746_2
2874301,http://tong.visitkorea.or.kr/cms/resource/87/2874287_image2_1.jpg,http://tong.visitkorea.or.kr/cms/resource/87/2874287_image3_1.jpg,Type3,이운성_강원도_고성군_동해반점_음식2,2874287_1
2874301,http://tong.visitkorea.or.kr/cms/resource/88/2874288_image2_1.jpg,http://tong.visitkorea.or.kr/cms/resource/88/2874288_image3_1.jpg,Type3,이운성_강원도_고성군_동해반점_내부1,2874288_2
2874301,http://tong.visitkorea.or.kr/cms/resource/90/2874290_image2_1.jpg,http://tong.visitkorea.or.kr/cms/resource/90/2874290_image3_1.jpg,Type3,이운성_강원도_고성군_동해반점_외부,2874290_3
2874315,http://tong.visitkorea.or.kr/cms/resource/58/2895158_image2_1.jpg,http://tong.visitkorea.or.kr/cms/resource/58/2895158_image3_1.jpg,Type3,이운성_강원도_고성군_만성횟집_음식1,2895158_4
2874315,http://tong.visitkorea.or.kr/cms/resource/59/2895159_image2_1.jpg,http://tong.visitkorea.or.kr/cms/resource/59/2895159_image3_1.jpg,Type3,이운성_강원도_고성군_만성횟집_음식2,2895159_1
2874315,http://tong.visitkorea.or.kr/cms/resource/60/2895160_image2_1.jpg,http://tong.visitkorea.or.kr/cms/resource/60/2895160_image3_1.jpg,Type3,이운성_강원도_고성군_만성횟집_음식3,2895160_2
2874315,http://tong.visitkorea.or.kr/cms/resource/75/2895175_image2_1.png,http://tong.visitkorea.or.kr/cms/resource/75/2895175_image3_1.png,Type3,이운성_강원도_고성군_만성횟집_내부,2895175_3
2907911,http://tong.visitkorea.or.kr/cms/resource/63/2907863_image2_1.JPG,http://tong.visitkorea.or.kr/cms/resource/63/2907863_image3_1.JPG,Type3,강원도_고성군_명파해변캠핑장_전경 (2),2907863_2
2907911,http://tong.visitkorea.or.kr/cms/resource/64/2907864_image2_1.JPG,http://tong.visitkorea.or.kr/cms/resource/64/2907864_image3_1.JPG,Type3,강원도_고성군_명파해변캠핑장_전경 (3),2907864_5
2907911,http://tong.visitkorea.or.kr/cms/resource/65/2907865_image2_1.JPG,http://tong.visitkorea.or.kr/cms/resource/65/2907865_image3_1.JPG,Type3,강원도_고성군_명파해변캠핑장_전경 (4),2907865_4
2907911,http://tong.visitkorea.or.kr/cms/resource/66/2907866_image2_1.JPG,http://tong.visitkorea.or.kr/cms/resource/66/2907866_image3_1.JPG,Type3,강원도_고성군_명파해변캠핑장_전경 (5),2907866_3
2907961,http://tong.visitkorea.or.kr/cms/resource/27/2907927_image2_1.JPG,http://tong.visitkorea.or.kr/cms/resource/27/2907927_image3_1.JPG,Type3,강원도_고성군_자작도캠핑장_전경 (2),2907927_4
2907961,http://tong.visitkorea.or.kr/cms/resource/28/2907928_image2_1.JPG,http://tong.visitkorea.or.kr/cms/resource/28/2907928_image3_1.JPG,Type3,강원도_고성군_자작도캠핑장_전경 (3),2907928_2
2907961,http://tong.visitkorea.or.kr/cms/resource/29/2907929_image2_1.JPG,http://tong.visitkorea.or.kr/cms/resource/29/2907929_image3_1.JPG,Type3,강원도_고성군_자작도캠핑장_전경 (4),2907929_3
2907961,http://tong.visitkorea.or.kr/cms/resource/30/2907930_image2_1.JPG,http://tong.visitkorea.or.kr/cms/resource/30/2907930_image3_1.JPG,Type3,강원도_고성군_자작도캠핑장_전경 (5),2907930_1
2929467,http://tong.visitkorea.or.kr/cms/resource/62/2929462_image2_1.JPG,http://tong.visitkorea.or.kr/cms/resource/62/2929462_image3_1.JPG,Type3,강원도_고성군_소울브릿지_브런치,2929462_4
2929467,http://tong.visitkorea.or.kr/cms/resource/63/2929463_image2_1.JPG,http://tong.visitkorea.or.kr/cms/resource/63/2929463_image3_1.JPG,Type3,강원도_고성군_소울브릿지_실내 (1),2929463_1
2929467,http://tong.visitkorea.or.kr/cms/resource/64/2929464_image2_1.JPG,http://tong.visitkorea.or.kr/cms/resource/64/2929464_image3_1.JPG,Type3,강원도_고성군_소울브릿지_실내 (2),2929464_3
2929467,http://tong.visitkorea.or.kr/cms/resource/65/2929465_image2_1.JPG,http://tong.visitkorea.or.kr/cms/resource/65/2929465_image3_1.JPG,Type3,강원도_고성군_소울브릿지_음료,2929465_2
2941159,http://tong.visitkorea.or.kr/cms/resource/91/2941091_image2_1.jpg,http://tong.visitkorea.or.kr/cms/resource/91/2941091_image3_1.jpg,Type3,서로재 (1),2941091_9
2941159,http://tong.visitkorea.or.kr/cms/resource/99/2941099_image2_1.jpg,http://tong.visitkorea.or.kr/cms/resource/99/2941099_image3_1.jpg,Type3,서로재 (9),2941099_7
2941159,http://tong.visitkorea.or.kr/cms/resource/00/2941100_image2_1.jpg,http://tong.visitkorea.or.kr/cms/resource/00/2941100_image3_1.jpg,Type3,서로재 (10),2941100_1
2941159,http://tong.visitkorea.or.kr/cms/resource/02/2941102_image2_1.jpg,http://tong.visitkorea.or.kr/cms/resource/02/2941102_image3_1.jpg,Type3,서로재 (12),2941102_3
2941159,http://tong.visitkorea.or.kr/cms/resource/03/2941103_image2_1.jpg,http://tong.visitkorea.or.kr/cms/resource/03/2941103_image3_1.jpg,Type3,서로재 (13),2941103_4
2941159,http://tong.visitkorea.or.kr/cms/resource/04/2941104_image2_1.jpg,http://tong.visitkorea.or.kr/cms/resource/04/2941104_image3_1.jpg,Type3,서로재 (14),2941104_6
2941159,http://tong.visitkorea.or.kr/cms/resource/05/2941105_image2_1.jpg,http://tong.visitkorea.or.kr/cms/resource/05/2941105_image3_1.jpg,Type3,서로재 (15),2941105_2
2941159,http://tong.visitkorea.or.kr/cms/resource/08/2941108_image2_1.jpg,http://tong.visitkorea.or.kr/cms/resource/08/2941108_image3_1.jpg,Type3,서로재 (18),2941108_8
2941159,http://tong.visitkorea.or.kr/cms/resource/09/2941109_image2_1.jpg,http://tong.visitkorea.or.kr/cms/resource/09/2941109_image3_1.jpg,Type3,서로재 (19),2941109_5
2941159,http://tong.visitkorea.or.kr/cms/resource/93/2941093_image2_1.jpg,http://tong.visitkorea.or.kr/cms/resource/93/2941093_image3_1.jpg,Type3,서로재 (3),2941093_17
3065391,http://tong.visitkorea.or.kr/cms/resource/71/3065371_image2_1.jpg,http://tong.visitkorea.or.kr/cms/resource/71/3065371_image3_1.jpg,Type3,문암다이브리조트 (1),3065371_9
3065391,http://tong.visitkorea.or.kr/cms/resource/72/3065372_image2_1.jpg,http://tong.visitkorea.or.kr/cms/resource/72/3065372_image3_1.jpg,Type3,문암다이브리조트 (2),3065372_1
3065391,http://tong.visitkorea.or.kr/cms/resource/76/3065376_image2_1.jpg,http://tong.visitkorea.or.kr/cms/resource/76/3065376_image3_1.jpg,Type3,문암다이브리조트 (6),3065376_4
3065391,http://tong.visitkorea.or.kr/cms/resource/77/3065377_image2_1.jpg,http://tong.visitkorea.or.kr/cms/resource/77/3065377_image3_1.jpg,Type3,문암다이브리조트 (7),3065377_3
3065391,http://tong.visitkorea.or.kr/cms/resource/78/3065378_image2_1.jpg,http://tong.visitkorea.or.kr/cms/resource/78/3065378_image3_1.jpg,Type3,문암다이브리조트 (8),3065378_8
3065391,http://tong.visitkorea.or.kr/cms/resource/80/3065380_image2_1.jpg,http://tong.visitkorea.or.kr/cms/resource/80/3065380_image3_1.jpg,Type3,문암다이브리조트 (10),3065380_7
3065391,http://tong.visitkorea.or.kr/cms/resource/82/3065382_image2_1.jpg,http://tong.visitkorea.or.kr/cms/resource/82/3065382_image3_1.jpg,Type3,문암다이브리조트 (12),3065382_5
3065391,http://tong.visitkorea.or.kr/cms/resource/83/3065383_image2_1.jpg,http://tong.visitkorea.or.kr/cms/resource/83/3065383_image3_1.jpg,Type3,문암다이브리조트 (13),3065383_2
3065391,http://tong.visitkorea.or.kr/cms/resource/85/3065385_image2_1.jpg,http://tong.visitkorea.or.kr/cms/resource/85/3065385_image3_1.jpg,Type3,문암다이브리조트 (15),3065385_6
3068031,http://tong.visitkorea.or.kr/cms/resource/27/3068027_image2_1.jpg,http://tong.visitkorea.or.kr/cms/resource/27/3068027_image3_1.jpg,Type3,공방스테이커피 (2),3068027_1
3068031,http://tong.visitkorea.or.kr/cms/resource/28/3068028_image2_1.jpg,http://tong.visitkorea.or.kr/cms/resource/28/3068028_image3_1.jpg,Type3,공방스테이커피 (3),3068028_3
3068031,http://tong.visitkorea.or.kr/cms/resource/29/3068029_image2_1.jpg,http://tong.visitkorea.or.kr/cms/resource/29/3068029_image3_1.jpg,Type3,공방스테이커피 (4),3068029_2
3082541,http://tong.visitkorea.or.kr/cms/resource/33/3082533_image2_1.jpg,http://tong.visitkorea.or.kr/cms/resource/33/3082533_image3_1.jpg,Type3,L.F문암다이브리조트,3082533_2
3082541,http://tong.visitkorea.or.kr/cms/resource/35/3082535_image2_1.jpg,http://tong.visitkorea.or.kr/cms/resource/35/3082535_image3_1.jpg,Type3,L.F문암다이브리조트,3082535_1
3082541,http://tong.visitkorea.or.kr/cms/resource/36/3082536_image2_1.jpg,http://tong.visitkorea.or.kr/cms/resource/36/3082536_image3_1.jpg,Type3,L.F문암다이브리조트,3082536_4
3082541,http://tong.visitkorea.or.kr/cms/resource/37/3082537_image2_1.jpg,http://tong.visitkorea.or.kr/cms/resource/37/3082537_image3_1.jpg,Type3,L.F문암다이브리조트,3082537_6
3082541,http://tong.visitkorea.or.kr/cms/resource/38/3082538_image2_1.jpg,http://tong.visitkorea.or.kr/cms/resource/38/3082538_image3_1.jpg,Type3,L.F문암다이브리조트,3082538_5
3082541,http://tong.visitkorea.or.kr/cms/resource/39/3082539_image2_1.jpg,http://tong.visitkorea.or.kr/cms/resource/39/3082539_image3_1.jpg,Type3,L.F문암다이브리조트,3082539_3
3513119,http://tong.visitkorea.or.kr/cms/resource/91/3513091_image2_1.jpg,http://tong.visitkorea.or.kr/cms/resource/91/3513091_image3_1.jpg,Type3,고성_삼박한집 (5),3513091_1
3513119,http://tong.visitkorea.or.kr/cms/resource/93/3513093_image2_1.jpg,http://tong.visitkorea.or.kr/cms/resource/93/3513093_image3_1.jpg,Type3,고성_삼박한집 (2),3513093_2
3513119,http://tong.visitkorea.or.kr/cms/resource/94/3513094_image2_1.jpg,http://tong.visitkorea.or.kr/cms/resource/94/3513094_image3_1.jpg,Type3,고성_삼박한집 (3),3513094_3
3513119,http://tong.visitkorea.or.kr/cms/resource/95/3513095_image2_1.jpg,http://tong.visitkorea.or.kr/cms/resource/95/3513095_image3_1.jpg,Type3,고성_삼박한집 (4),3513095_4
3521198,http://tong.visitkorea.or.kr/cms/resource/19/3509119_image2_1.jpg,http://tong.visitkorea.or.kr/cms/resource/19/3509119_image3_1.jpg,Type1,고성으로 떠나는 다섯 가지 쉼표 여행_금강산 버섯바위(신선대)_1-1,3509119_1
3521198,http://tong.visitkorea.or.kr/cms/resource/20/3509120_image2_1.jpg,http://tong.visitkorea.or.kr/cms/resource/20/3509120_image3_1.jpg,Type1,고성으로 떠나는 다섯 가지 쉼표 여행_금강산 버섯바위(신선대)_1-2,3509120_4
3521198,http://tong.visitkorea.or.kr/cms/resource/21/3509121_image2_1.jpg,http://tong.visitkorea.or.kr/cms/resource/21/3509121_image3_1.jpg,Type1,고성으로 떠나는 다섯 가지 쉼표 여행_금강산 버섯바위(신선대)_1-3,3509121_3
3521198,http://tong.visitkorea.or.kr/cms/resource/22/3509122_image2_1.jpg,http://tong.visitkorea.or.kr/cms/resource/22/3509122_image3_1.jpg,Type1,고성으로 떠나는 다섯 가지 쉼표 여행_금강산 버섯바위(신선대)_1-4,3509122_2
3521198,http://tong.visitkorea.or.kr/cms/resource/23/3509123_image2_1.jpg,http://tong.visitkorea.or.kr/cms/resource/23/3509123_image3_1.jpg,Type1,고성으로 떠나는 다섯 가지 쉼표 여행_금강산 버섯바위(신선대)_1-5,3509123_6
3521198,http://tong.visitkorea.or.kr/cms/resource/24/3509124_image2_1.jpg,http://tong.visitkorea.or.kr/cms/resource/24/3509124_image3_1.jpg,Type1,고성으로 떠나는 다섯 가지 쉼표 여행_금강산 버섯바위(신선대)_1-6,3509124_5
3537626,http://tong.visitkorea.or.kr/cms/resource/07/3537607_image2_1.jpg,http://tong.visitkorea.or.kr/cms/resource/07/3537607_image3_1.jpg,Type3,고성_레드인블루 (1),3537607_6
3537626,http://tong.visitkorea.or.kr/cms/resource/08/3537608_image2_1.jpg,http://tong.visitkorea.or.kr/cms/resource/08/3537608_image3_1.jpg,Type3,고성_레드인블루 (2),3537608_1
3537626,http://tong.visitkorea.or.kr/cms/resource/09/3537609_image2_1.jpg,http://tong.visitkorea.or.kr/cms/resource/09/3537609_image3_1.jpg,Type3,고성_레드인블루 (3),3537609_3
3537626,http://tong.visitkorea.or.kr/cms/resource/10/3537610_image2_1.jpg,http://tong.visitkorea.or.kr/cms/resource/10/3537610_image3_1.jpg,Type3,고성_레드인블루 (4),3537610_4
3537626,http://tong.visitkorea.or.kr/cms/resource/11/3537611_image2_1.jpg,http://tong.visitkorea.or.kr/cms/resource/11/3537611_image3_1.jpg,Type3,고성_레드인블루 (5),3537611_5
3537626,http://tong.visitkorea.or.kr/cms/resource/12/3537612_image2_1.jpg,http://tong.visitkorea.or.kr/cms/resource/12/3537612_image3_1.jpg,Type3,고성_레드인블루 (6),3537612_2
3537626,http://tong.visitkorea.or.kr/cms/resource/13/3537613_image2_1.jpg,http://tong.visitkorea.or.kr/cms/resource/13/3537613_image3_1.jpg,Type3,고성_레드인블루 (7),3537613_7
421977,http://tong.visitkorea.or.kr/cms/resource/86/3516186_image2_1.jpg,http://tong.visitkorea.or.kr/cms/resource/86/3516186_image3_1.jpg,Type3,2025 고성명태축제 1,3516186_1
421977,http://tong.visitkorea.or.kr/cms/resource/87/3516187_image2_1.jpg,http://tong.visitkorea.or.kr/cms/resource/87/3516187_image3_1.jpg,Type3,2025 고성명태축제 2,3516187_4
421977,http://tong.visitkorea.or.kr/cms/resource/88/3516188_image2_1.jpg,http://tong.visitkorea.or.kr/cms/resource/88/3516188_image3_1.jpg,Type3,2025 고성명태축제 3,3516188_2
421977,http://tong.visitkorea.or.kr/cms/resource/90/3516190_image2_1.jpg,http://tong.visitkorea.or.kr/cms/resource/90/3516190_image3_1.jpg,Type3,2025 고성명태축제 포스터,3516190_3
736620,http://tong.visitkorea.or.kr/cms/resource/18/3394018_image2_1.JPG,http://tong.visitkorea.or.kr/cms/resource/18/3394018_image3_1.JPG,Type3,6.25 전쟁체험전시관 (2),3394018_1
736620,http://tong.visitkorea.or.kr/cms/resource/19/3394019_image2_1.JPG,http://tong.visitkorea.or.kr/cms/resource/19/3394019_image3_1.JPG,Type3,6.25 전쟁체험전시관 (3),3394019_2
736620,http://tong.visitkorea.or.kr/cms/resource/20/3394020_image2_1.JPG,http://tong.visitkorea.or.kr/cms/resource/20/3394020_image3_1.JPG,Type3,6.25 전쟁체험전시관 (4),3394020_3
736620,http://tong.visitkorea.or.kr/cms/resource/21/3394021_image2_1.JPG,http://tong.visitkorea.or.kr/cms/resource/21/3394021_image3_1.JPG,Type3,6.25 전쟁체험전시관 (5),3394021_4
736620,http://tong.visitkorea.or.kr/cms/resource/23/3394023_image2_1.JPG,http://tong.visitkorea.or.kr/cms/resource/23/3394023_image3_1.JPG,Type3,6.25 전쟁체험전시관 (6),3394023_5
736620,http://tong.visitkorea.or.kr/cms/resource/26/3394026_image2_1.JPG,http://tong.visitkorea.or.kr/cms/resource/26/3394026_image3_1.JPG,Type3,6.25 전쟁체험전시관 (7),3394026_6
778140,http://tong.visitkorea.or.kr/cms/resource/64/2599064_image2_1.jpg,http://tong.visitkorea.or.kr/cms/resource/64/2599064_image3_1.jpg,Type3,"강원_고성_평화 관광의 ‘뉴 페이스’, 고성통일전망타워_11",2599064_5
778140,http://tong.visitkorea.or.kr/cms/resource/92/2600592_image2_1.jpg,http://tong.visitkorea.or.kr/cms/resource/92/2600592_image3_1.jpg,Type3,"강원_고성_고성은 건재하다, 모든 것이 여전한 고성에서 보낸 1박2일_09",2600592_7
778140,http://tong.visitkorea.or.kr/cms/resource/97/2600597_image2_1.jpg,http://tong.visitkorea.or.kr/cms/resource/97/2600597_image3_1.jpg,Type3,"강원_고성_고성은 건재하다, 모든 것이 여전한 고성에서 보낸 1박2일_13",2600597_2
778140,http://tong.visitkorea.or.kr/cms/resource/52/2921752_image2_1.jpg,http://tong.visitkorea.or.kr/cms/resource/52/2921752_image3_1.jpg,Type3,DMZ박물관_4,2921752_8
778140,http://tong.visitkorea.or.kr/cms/resource/53/2921753_image2_1.jpg,http://tong.visitkorea.or.kr/cms/resource/53/2921753_image3_1.jpg,Type3,DMZ박물관_5,2921753_1
778140,http://tong.visitkorea.or.kr/cms/resource/54/2921754_image2_1.jpg,http://tong.visitkorea.or.kr/cms/resource/54/2921754_image3_1.jpg,Type3,DMZ박물관_6,2921754_4
778140,http://tong.visitkorea.or.kr/cms/resource/56/2921756_image2_1.jpg,http://tong.visitkorea.or.kr/cms/resource/56/2921756_image3_1.jpg,Type3,DMZ박물관_8,2921756_3
778140,http://tong.visitkorea.or.kr/cms/resource/57/2921757_image2_1.jpg,http://tong.visitkorea.or.kr/cms/resource/57/2921757_image3_1.jpg,Type3,DMZ박물관_9,2921757_6
778140,http://tong.visitkorea.or.kr/cms/resource/58/2921758_image2_1.jpg,http://tong.visitkorea.or.kr/cms/resource/58/2921758_image3_1.jpg,Type3,DMZ박물관_10,2921758_9
778140,http://tong.visitkorea.or.kr/cms/resource/50/2921750_image2_1.jpg,http://tong.visitkorea.or.kr/cms/resource/50/2921750_image3_1.jpg,Type3,DMZ박물관_2,2921750_10
925616,http://tong.visitkorea.or.kr/cms/resource/77/3338877_image2_1.jpg,http://tong.visitkorea.or.kr/cms/resource/77/3338877_image3_1.jpg,Type3,고성_송지호관망타워_ⓒ 강원관광 (2),3338877_1
925616,http://tong.visitkorea.or.kr/cms/resource/78/3338878_image2_1.jpg,http://tong.visitkorea.or.kr/cms/resource/78/3338878_image3_1.jpg,Type3,고성_송지호관망타워_ⓒ 강원관광 (3),3338878_2
925616,http://tong.visitkorea.or.kr/cms/resource/80/3338880_image2_1.jpg,http://tong.visitkorea.or.kr/cms/resource/80/3338880_image3_1.jpg,Type3,고성_송지호관망타워_ⓒ 강원관광 (5),3338880_4
925616,http://tong.visitkorea.or.kr/cms/resource/82/3338882_image2_1.jpg,http://tong.visitkorea.or.kr/cms/resource/82/3338882_image3_1.jpg,Type3,고성_송지호관망타워_ⓒ 강원관광 (7),3338882_7
925616,http://tong.visitkorea.or.kr/cms/resource/23/3498823_image2_1.jpg,http://tong.visitkorea.or.kr/cms/resource/23/3498823_image3_1.jpg,Type3,송지호관망타워 (1),3498823_3
925616,http://tong.visitkorea.or.kr/cms/resource/24/3498824_image2_1.jpg,http://tong.visitkorea.or.kr/cms/resource/24/3498824_image3_1.jpg,Type3,송지호관망타워 (2),3498824_6
925616,http://tong.visitkorea.or.kr/cms/resource/25/3498825_image2_1.jpg,http://tong.visitkorea.or.kr/cms/resource/25/3498825_image3_1.jpg,Type3,송지호관망타워 (3),3498825_5
