contentid,contenttypeid,title,createdtime,modifiedtime,tel,telname,homepage,firstimage,firstimage2,cpyrhtDivCd,areacode,sigungucode,lDongRegnCd,lDongSignguCd,lclsSystm1,lclsSystm2,lclsSystm3,cat1,cat2,cat3,addr1,addr2,zipcode,mapx,mapy,mlevel,overview
125683,12,마차진해변,2.00307E+13,2.02508E+13,,,"고성문화관광 <a href=""https://www.gwgs.go.kr/prog/tursmCn/tour/sub02_02/view.do?cntno=69"" target=""_blank"" title=""새창 : 고성문화관광 홈페이지로 이동"">https://www.gwgs.go.kr/</a>",http://tong.visitkorea.or.kr/cms/resource/68/3006868_image2_1.jpg,http://tong.visitkorea.or.kr/cms/resource/68/3006868_image3_1.jpg,Type3,32,2,51,820,NA,NA02,NA020900,A01,A0101,A01011200,강원특별자치도 고성군 현내면 금강산로 416,,24702,117.9925663,19.69442748,6,"통일 안보공원의 동쪽에 위치한 총길이 400m의 조용한 해변이다. 희고 고운 백사장과 육지와 연결된 무송대가 있어 천혜의 절경을 이루는 곳이다. 무송대는 해변에 있는 작은 섬인데 소나무가 울창하다고 해서 이름을 무송대라 한다. 섬을 배경으로 한 일출이 매우 아름답지만 현재는 출입 불가다. 무송대까지 이어지는 해변을 기준으로 두 갈래로 나뉘는 바다에서는 한쪽은 성게, 고동, 소라를 채집할 수 있고 스노클링도 즐길 수 있다. 다른 한쪽은 활처럼 휘어진 해변에서 보트 타기와 수영을 할 수 있다. 해변가에 둥그런 바위가 있는데 영해 기준점이라고 적혀 있다. 이곳을 기준으로 우리나라 영해가 시작된다. 피서객이 많이 없어 한적한 편이며 버스가 이곳 앞의 차고지를 종점으로 하고 있어 대중교통 이용이 쉽다. 또한, 고성 금강산콘도와 민박이 주변에 있어 숙박이 편리하고 통일전망대에 인접해 있어 금강산을 볼 수 있다."
125684,12,아야진해변,2.00307E+13,2.02508E+13,,,"<a href=""https://www.gwgs.go.kr/prog/tursmCn/tour/sub02_02/view.do?cntno=80"" target=""_blank"" title=""새창 : 고성군 문화관광 홈페이지로 이동"">https://www.gwgs.go.kr</a>",http://tong.visitkorea.or.kr/cms/resource/82/3516882_image2_1.jpg,http://tong.visitkorea.or.kr/cms/resource/82/3516882_image3_1.jpg,Type1,32,2,51,820,NA,NA02,NA020900,A01,A0101,A01011200,강원특별자치도 고성군 토성면 아야진해변길 157,(토성면),24756,128.5527871,38.27657883,6,"아야진해변은 주변경관이 수려한 곳으로, 크고 작은 바위와 맑은 바다, 깨끗한 백사장이 어울려 가족단위 피서지로 적합한 해변이다. 고운 모래가 깔려있고, 수심이 해변에서 30m까지는 1.5m~2m 정도로 안전하게 수영할 수 있어 매년 군부대와의 협의로 한시적으로 운영되고 있다. 또, 낚시와 함께 수영을 즐길 수 있어 해마다 찾는 피서객이 증가하고 있다."
125686,12,천진해변,2.00307E+13,2.02508E+13,,,"<a href=""https://www.gwgs.go.kr/prog/tursmCn/tour/sub02_12/view.do?cntno=81"" target=""_blank"" title=""새창 : 천진해변 홈페이지로 이동"">https://www.gwgs.go.kr</a>",http://tong.visitkorea.or.kr/cms/resource/60/3517260_image2_1.jpg,http://tong.visitkorea.or.kr/cms/resource/60/3517260_image3_1.jpg,Type1,32,2,51,820,NA,NA02,NA020900,A01,A0101,A01011200,강원특별자치도 고성군 토성면,아야진리,24764,128.5606703,38.25703404,6,"속초시에서 북으로 4㎞, 7번 국도 옆에 위치해 있으며 천진항과 인접하여 초승달 모양의 해안선을 따라 백사장이 펼쳐져 있는 곳이다. 1972년 개장된 이래 매년 해변과 백사장이 사계절 운영되고 물이 맑고 청정할 뿐 아니라 백사장이 깨끗하다. 해변은 전체적으로 얕은 편이고 파도가 잔잔하여 아이들이 놀기에 좋은 해변이다. 수심이 낮아 가족단위와 젊은이들의 피서지로 각광받는 곳으로 매년 오징어 잡기 대회가 열린다. 천진항 포구에서 생산되는 싱싱한 활어회를 즐길 수 있고 방파제에서는 바다낚시를 즐길 수 있다. 전체적으로 얕은 편이고 파도가 잔잔하여 아이들이 놀기에 좋은 해변이다. 이곳은 어르신들이 민박형태로 운영하는 곳이 많아 전화로 숙박을 예약하는 것이 빠르다."
125692,12,봉포해변,2.00307E+13,2.02508E+13,,,"<a href=""https://www.gwgs.go.kr/prog/tursmCn/tour/sub02_02/view.do?cntno=76"" target=""_blank"" title=""새창 : 고성군 문화관광 홈페이지로 이동"">https://www.gwgs.go.kr</a>",http://tong.visitkorea.or.kr/cms/resource/36/3516836_image2_1.jpg,http://tong.visitkorea.or.kr/cms/resource/36/3516836_image3_1.jpg,Type1,32,2,51,820,NA,NA02,NA020900,A01,A0101,A01011200,강원특별자치도 고성군 토성면,봉포리,24765,128.5661727,38.25249856,6,"봉포해변은 속초 시청 북쪽으로 3㎞에 위치해 있으며 작은 포구를 중심으로 한 간이 해수욕장으로 지정되어 있다. 물이 맑고 사질이 고우며, 특히 어족이 풍부해 방파제에서는 연중 바다낚시를 할 수 있고 해수욕을 즐길 수 있어 여름 피서지로 각광받는 곳이다. 해수욕장 주변에 넓게 펼쳐진 소나무 숲에서 산림욕 또한 즐길 수 있다. 인근에 다양한 숙박시설과 음식점들이 있어 관광하기 좋은 해변이다. 특히 봉포항구에서 생산되는 싱싱한 활어회를 맛볼 수 있다."
125706,12,화진포(강원평화지역 국가지질공원),2.00402E+13,2.02507E+13,,,"강원평화지역 국가지질공원 <a href=""http://www.koreadmz.kr/""target=""_blank"" title=""새창: 강원평화지역 국가지질공원"">http://www.koreadmz.kr/</a><br />화진포해수욕장 <a href=""http://hwajinpobeach.co.kr/""target=""_blank"" title=""화진포해수욕장"">http://hwajinpobeach.co.kr/</a>",http://tong.visitkorea.or.kr/cms/resource/63/3029063_image2_1.jpg,http://tong.visitkorea.or.kr/cms/resource/63/3029063_image3_1.jpg,Type3,32,2,51,820,NA,NA04,NA040400,A01,A0101,A01010500,강원특별자치도 고성군 거진읍 현내면,,24710,128.4391216,38.47884469,6,"화진포는 남한에서 가장 넓은 면적의 석호로 화진포 해변부근의 사취(沙嘴, spit : 파랑과 연안류의 작용으로 만의 입구에 형성되는 새부리 모양의 모래톱) 발달로 인하여 만의 입구가 막히면서 형성되었다. 석호는 후빙기(後氷期, post-glacial age)해수면 상승으로 해안이 침수되어 만이 형성되고, 그 입구가 사주(沙柱, sand bar : 파랑과 연안류의 작용으로 해안에 연이어 형성된 모래더미)나 사취로 가로막혀서 발달하게 된 지형이다. 이는 기후변화가 특징적이었던 신생대 제4기를 대표하는 지형이다. 또한 석호는 바다와 육지를 연결하는 생태통로로 중요한 가치를 지니고 있다. 민물과 바닷물의 교류가 빈번하여 해양생물과 민물생물이 함께 살아갈 수 있는 독특한 자연환경 특성을 지니고 있어 높은 보존 가치를 지니고 있다. 화진포의 형태는 8자형으로 남호와 북호로 구분되며, 크기는 남호가 더 크고, 바다와 통하는 물길은 북호에 위치한다. 화진포는 호수의 주변으로 해당화가 많았다는 데에서 이름이 유래하였다. 일대는 10여 년 전 인기리에 방영되었던 드라마 ‘가을동화’의 마지막 장면을 촬영한 곳으로도 널리 알려져 있다. 주변 관광지는 김일성 별장, 이승만 별장, 이기붕 별장이 있다."
125715,12,교암해변,2.00307E+13,2.02508E+13,,,"고성 문화관광 <a href=""https://www.gwgs.go.kr/prog/tursmCn/tour/sub02_02/view.do?cntno=66""target=""_blank"" title=""새창: 고성 문화관광 홈페이지로 이동"">https://www.gwgs.go.kr</a>",http://tong.visitkorea.or.kr/cms/resource/81/3070081_image2_1.jpg,http://tong.visitkorea.or.kr/cms/resource/81/3070081_image3_1.jpg,Type3,32,2,51,820,NA,NA02,NA020900,A01,A0101,A01011200,강원특별자치도 고성군 토성면 천학정길 37,,24755,128.5466038,38.29165751,6,교암리 해수욕장은 금강산의 제1해수욕장이라고 하는데 길이 1㎞의 백사장은 경사가 완만하고 모래질이 좋다. 교암항 방향으로 방파제 너머 산 아래 솔숲에는 천학정이 있고 남쪽 3㎞ 거리엔 관동팔경 중의 하나인 청간정이 있어 해수욕과 함께 뛰어난 자연경관도 즐길 수 있다. 근처 문암항에서 교암해변 방향을 바라보면 해변 너머 설악산과 울산바위가 파노라마 사진처럼 멋진 자태를 뽐내고 있다. 해안의 유영폭이 좁아 수영 한계선을 넘지 않도록 유의하여야 한다. 해안도로와 연접한 곳에 위치한 곳으로 주변에 스킨스쿠버를 운영하는 레포츠사가 있고 해저의 아름다움을 만끽할 수 있는 스킨스쿠버 다이빙을 즐길 수 있는 곳이기도 하다.
125739,12,장신유원지,2.00308E+13,2.02508E+13,,,"<a href=""https://cafe.naver.com/sottong0 ""target=""_blank"" title=""새창: 소똥령마을"">https://cafe.naver.com/sottong0</a>",http://tong.visitkorea.or.kr/cms/resource/78/3515778_image2_1.jpg,http://tong.visitkorea.or.kr/cms/resource/78/3515778_image3_1.jpg,Type1,32,2,51,820,VE,VE04,VE040200,A02,A0203,A02030100,강원특별자치도 고성군 간성읍 소똥령마을길 32,(간성읍),24741,128.3782457,38.33095799,6,"장신유원지는 진부령 정상에서 내려오는 오염되지 않은 깨끗한 물과 주위의 산, 계곡, 하천이 어우러진 자연 발생 유원지이며, 가족단위 관광객이 많이 찾는 곳이다. 진부령에 여러 계곡이 있지만 유원지로 개방된 구간은 이곳뿐이다. 여름철 동해와 함께 진부령계곡의 맑은 물을 함께 찾는 피서객이 계속 늘어나자 고성군에서는 1990년 계곡 주변을 비지정 관광지로 지정하고 야영장과 주차장, 화장실 등을 갖추어 마을에서 자체적으로 운영, 관리하도록 위탁했다. 장신유원지는 계곡을 중심으로 일반 관광객이 이용할 수 있는 게스트하우스, 캠핑장, 주민이 운영하는 펜션 등이 있고 20인 이상 단체 예약 시 이용 가능한 농촌체험과 향토식당 등을 운영한다. 그중 캠핑장은 당일 이용 가능한 일반노지캠핑구역, 벚나무군락지에 오토캠핑이 가능한 A구역, 소나무군락지와 계곡 옆에 위치한 일반캠핑 B구역으로 구성되어 있다."
125752,12,화암사(고성),2.0031E+13,2.02509E+13,,,"<a href=""https://www.gwgs.go.kr/prog/tursmCn/tour/sub02_08/view.do?cntno=57"" target=""_blank"" title=""새창 : 고성문화관광 사이트로 이동"">https://www.gwgs.go.kr</a>",http://tong.visitkorea.or.kr/cms/resource/19/3016719_image2_1.jpg,http://tong.visitkorea.or.kr/cms/resource/19/3016719_image3_1.jpg,Type3,32,2,51,820,HS,HS03,HS030100,A02,A0201,A02010800,강원특별자치도 고성군 토성면 화암사길 100,,24767,128.4693434,38.22698854,6,"화암사는 강원도 고성군 신평리에 위치한 사찰로, 신라 제36대 혜공왕 5년(769년)에 진표율사에 의해 창건되었다. 이후 여러 차례 화재로 소실과 재건을 반복하였다. 조선 인조 1년(1623)에 소실되었으나, 인조 3년(1625)에 다시 중창되었으며, 고종 1년(1864)에는 지금의 위치인 수바위 아래로 옮겨 지으면서 이름도 '수암사(穗岩寺)'로 바뀌었다. 이후 1912년에 다시 ‘화암사(禾岩寺)’로 이름이 변경되었다. 한국전쟁 중 다시 한 차례 화재로 소실되었고, 이후 법당만 복원되었다. 1991년 세계잼버리대회를 준비하면서 기존 건물을 철거하고 전면적으로 재건축하여 오늘에 이르고 있다. 현재 화암사에는 일주문, 대웅전, 삼성각, 명부전, 요사채 등의 건물이 있으며, 조선 후기에 조성된 것으로 보이는 부도군(浮屠群)과 일부 계단석도 남아 있다. 이 절에는 정조가 하사한 관음보살상 6첩 병풍이 전래되었으나, 해방 이후의 행방은 알 수 없다. 또한, 죽암당 부도를 포함해 15기의 부도와 진표당의 진영을 비롯해 총 16점의 진영이 있었다는 기록이 전해진다. 사찰은 신선봉 자락의 청정한 화암골에 자리하고 있으며, 수바위와 울산바위 등 주변 경관이 수려하다. 인근에는 신선봉, 세계잼버리장, 콘도미니엄 등이 밀집해 있어 둘러볼 곳이 많다. 또한, 사찰 내 전통 찻집이 있어 조용한 산사에서 전통차를 즐기는 것도 특별한 경험이 될 수 있다."
125804,12,고성 왕곡마을,2.0031E+13,2.02506E+13,,,"<a href=""http://www.wanggok.kr"" target=""_blank"" title=""새창: 고성 왕곡마을 홈페이지로 이동"">http://www.wanggok.kr</a>",http://tong.visitkorea.or.kr/cms/resource/75/3332475_image2_1.jpg,http://tong.visitkorea.or.kr/cms/resource/75/3332475_image3_1.jpg,Type3,32,2,51,820,HS,HS01,HS010600,A02,A0201,A02010600,강원특별자치도 고성군 왕곡마을길 41,,24746,128.4995816,38.34059811,6,"왕곡마을은 해안에서 내륙 쪽으로 약 1.5km 지점에 있으며 석호인 송지호(둘레 4km, 넓이 20만 평)와 해발 200m 내외의 봉우리 형태인 야산 다섯 개에 둘러 쌓여 외부와 차단된 ‘골’ 형태의 분지를 이룬다. 마을의 동쪽은 골무산(骨蕪山), 남동쪽은 송지호, 남쪽은 호근산(湖近山)과 제공산(濟孔山), 서쪽은 진방산(唇防山), 북쪽은 오음산(五音山)으로 막혀 있고 마을 북쪽에 위치한 오음산에서 남서방향으로 마을을 관통하며 흐르는 왕곡천 좌우에 종심이 깊은 촌락으로 형성되어 있다. 마을 중앙의 개울을 따라 이어져 있는 마을 안 길을 중심으로 가옥들이 자연스럽게 자리 잡고 있으며 가옥과 가옥 사이에 비교적 넓은 텃밭이 있어서 따로 담이 없고 텃밭을 경계로 가옥들이 분리되어 있는 것이 특징이다. 왕곡마을의 가옥구조는 안방, 도장방, 사랑방, 마루, 부엌이 한 건물 내에 수용되어 있으며 부엌에 가축우리가 붙어 있는 겹집구조이다. 마을 안길 과 바로 연결되는 앞마당은 가족의 공동작업 공간 역할을 하면서 타인에게 개방적이었던 반면에 비교적 높은 담으로 둘러싸인 뒷마당은 여인들의 공간으로 비개방적이다. 뒷마당은 보이지 않고 지붕만 보여 여인들의 활동공간을 배려한 구조이다. 역사와 전통의 멋이 가득 담긴 왕곡마을의 전통가옥에선 숙박체험도 가능하다. 현대 도시생활을 벗어나 200년 전의 옛 방식 그대로, 시간이 멈춘 곳에서 오붓하고 여유로운 시간을 보낼 수 있다."
126691,12,봉수대해변,2.00307E+13,2.02508E+13,,,"<a href=""https://www.gwgs.go.kr/prog/tursmCn/tour/sub02_02/view.do?cntno=74"" target=""_blank"" title=""새창 : 고성군 문화관광 홈페이지로 이동"">https://www.gwgs.go.kr</a>",http://tong.visitkorea.or.kr/cms/resource/13/3517213_image2_1.jpg,http://tong.visitkorea.or.kr/cms/resource/13/3517213_image3_1.jpg,Type1,32,2,51,820,NA,NA02,NA020900,A01,A0101,A01011200,강원특별자치도 고성군 죽왕면 오호리,(죽왕면),24747,128.5280046,38.32280352,6,"삼포해변에서 북쪽으로 200m 떨어진 곳에 자리 잡고 있는 해변이다. 국도 7호선 옆을 따라 위치하고 있어 곧바로 해변 백사장에 발을 내디딜 수 있는 곳으로 고성 산불로 피해를 본 주민들에게 새로운 보금자리를 제공하기 위하여 미개발 해안을 1997년에 해변으로 개발한 곳이다. 백사장 길이는 800m 정도로 아담한 편이지만 모래가 곱고 깨끗하다. 백사장 폭은 50m, 수심은 1.5m이다. 여름에는 서핑, 카누 등 다양한 해양 레포츠를 즐기는 사람들로 가득하다. 백사장에는 다양한 조형물 및 포토존이 마련되어 있다. 해변 인근에는 봉수대 오토캠핑장, 해쉼터, 오호 VR해양모험관 등 다양한 즐길 거리가 있다."
126776,12,명파해변,2.00307E+13,2.02508E+13,,,"고성 문화관광 <a href=""https://www.gwgs.go.kr/prog/tursmCn/tour/sub02_02/view.do?cntno=70""target=""_blank"" title=""새창: 고성 문화관광 홈페이지로 이동"">https://www.gwgs.go.kr/tour</a>",http://tong.visitkorea.or.kr/cms/resource/88/2922088_image2_1.jpg,http://tong.visitkorea.or.kr/cms/resource/88/2922088_image3_1.jpg,Type3,32,2,51,820,NA,NA02,NA020900,A01,A0101,A01011200,강원특별자치도 고성군 현내면 명파4길 47,,24701,128.4053255,38.5435698,6,동해안 최북단에 위치해 있는 해수욕장이다. 주변 기암괴석과 어우러진 조용한 해변에 500m의 고운 백사장은 가족단위 피서지로 각광을 받고 있다. 이 해수욕장은 통일전망대 길목에 위치해 통일전망대 관람객이 많이 찾아오는 피서지로 군부대와 협조해 한시적으로 개장된다. 규모가 작고 아담하지만 한적하고 인적이 드물어 명파리(동해의 맑은 물과 깨끗한 백사장이 있는 아름다운 마을)라는 이름 그대로 오염되지 않은 자연의 소박함을 잘 간직하고 있다. 해수욕장 옆에는 명파천이 흐르고 있는데 이곳은 은어와 연어의 산란지로 해마다 10월이면 은어잡이 낚시꾼이 많이 찾아온다. 명파리에는 토종 돼지를 사육하는 축산농가가 많아 육질이 연하고 담백한 토종 돼지요리가 이 지역의 특산요리이다. 통일전망대를 가지 않고 바로 명파리로 향한다면 통일전망대의 안보 교육을 받지 않아도 된다.
126784,12,거진11리해변,2.00307E+13,2.02508E+13,,,"<a title=""새창 : 고성군청 문화관광 홈페이지로 이동"" href=""https://www.gwgs.go.kr/prog/tursmCn/tour/sub02_02/view.do?cntno=63"" target=""_blank"">https://www.gwgs.go.kr/tour/</a>",http://tong.visitkorea.or.kr/cms/resource/28/3515828_image2_1.jpg,http://tong.visitkorea.or.kr/cms/resource/28/3515828_image3_1.jpg,Type1,32,2,51,820,NA,NA02,NA020900,A01,A0101,A01011200,강원특별자치도 고성군 거진읍 거진리,11리,24713,128.4552101,38.4443157,6,"화진포호 남쪽의 거진항과 거진 읍내의 초입에 위치한 해수욕장이다. 1983년 7월 10일에 처음 개장된 이래 해수욕장은 여름 피서철에만 한시적으로 개장되며 해변은 상시 개방한다. 길이 약 500m에 넓이 17,520m²(5,300여 평)의 백사장이 펼쳐져 있어 가족단위나 연인들끼리의 피서지로 좋다. 바다가 방파제로 막혀 있고 물이 얕아서 아이들 물놀이에 적합하다. 인근에는 숙박시설과 민박, 상가들이 밀집되어 있어 편리하고 해안 도로 옆에 주차하기도 용이하다. 또, 인근 방파제와 백사장에서는 바다낚시를 즐길 수 있으며 싱싱한 활어회를 맛볼 수 있는 횟집이 근처에 있다. 해수욕장은 좌우로 나눠져 있으며 차박과 모래사장을 이용한 캠핑에 적합하다."
126785,12,가진해변,2.00307E+13,2.02507E+13,,,"<a href=""https://www.gwgs.go.kr/prog/tursmCn/tour/sub02_02/view.do?cntno=61"" target=""_blank"" title=""새창 : 홈페이지로 이동"">https://www.gwgs.go.kr</a>",http://tong.visitkorea.or.kr/cms/resource/63/3513763_image2_1.jpg,http://tong.visitkorea.or.kr/cms/resource/63/3513763_image3_1.jpg,Type1,32,2,51,820,NA,NA02,NA020900,A01,A0101,A01011200,강원특별자치도 고성군 죽왕면 가진리,168-1,24744,128.5086047,38.37401661,6,"국도 7호선에서 동쪽으로 1㎞ 떨어진 가진리 마을에 위치한 해변이다. 13,223㎡(4,000여 평)의 아늑한 백사장이 펼쳐져 있으며 마을에는 민박집이 많아서 숙소 구하기도 어렵지 않다. 가족 단위 피서객과 지역 주민들이 주로 찾는 이 해수욕장은 싱싱한 활어회를 맛볼 수 있는 가진항과 가깝고, 방파제에서는 바다낚시를 즐길 수도 있다. 깨끗한 모래사장과 맑은 물이 있어 물놀이를 하기 좋은 아담한 숨은 해수욕장이다. 다만, 유영구역이 15m 정도이므로 수영 시 한계선을 넘지 않도록 유의하여야 한다. 관광객이 많지 않아서 한가한 휴가를 즐기기에 좋은 장소이고 바다 색깔은 푸른색과 에메럴드 빛이 어우러져 이국적 풍경을 만드는 해변이다."
126788,12,문암2리해변,2.00307E+13,2.02507E+13,,,"고성군 문화관광 <a href=""https://www.gwgs.go.kr/prog/tursmCn/tour/sub02_02/view.do?cntno=71"" target=""_blank"" title=""새창 : 고성군 문화관광 홈페이지로 이동"">https://www.gwgs.go.kr</a>",http://tong.visitkorea.or.kr/cms/resource/59/3048359_image2_1.jpg,http://tong.visitkorea.or.kr/cms/resource/59/3048359_image3_1.jpg,Type3,32,2,51,820,NA,NA02,NA020900,A01,A0101,A01011200,강원특별자치도 고성군 죽왕면 문암진리,,24752,128.549434,38.29677363,6,"문암2리해변은 초생달 모양의 해안선으로 형성된 해변으로 폭이 길고 수심이 낮아 어린이가 있는 가족단위 피서객도 즐길 수 있는 곳이다. 1991년 개장된 이래 매년 여름 해변과 백사장을 운영하고 있으며 인근에 문암항구가 있어 싱싱한 활어회를 맛볼 수 있다. 해변 끝에 해안선을 따라 발달한 기암괴석이 절경을 이루는 능파대가 있다. 과거에는 섬이었으나 지금은 육지와 연결된 육계도의 일부이다. 능파는 급류의 물결 또는 파도 위를 걷는다는 뜻으로 미인의 아름다운 걸음걸이를 뜻하는 말이다. 파도가 해안가의 기암괴석에 부딪히는 아름다운 광경을 보고 능파대라 이름 지었다고 전해진다. 수중이 아름다워 스노클링, 스킨스쿠버 포인트로도 유명하며 가수 BTS 뮤직비디오 촬영지로도 알려져 있다."
126789,12,청간해변,2.00307E+13,2.02508E+13,,,"<a href=""https://www.gwgs.go.kr/prog/tursmCn/tour/sub02_02/view.do?cntno=82""target=""_blank"" title=""새창: 고성군 문화관광 홈페이지로 이동"">https://www.gwgs.go.kr</a>",http://tong.visitkorea.or.kr/cms/resource/96/3516896_image2_1.jpg,http://tong.visitkorea.or.kr/cms/resource/96/3516896_image3_1.jpg,Type1,32,2,51,820,NA,NA02,NA020900,A01,A0101,A01011200,강원특별자치도 고성군 토성면 청간리,(토성면),24758,128.5590702,38.26561634,6,"백사장은 마을 앞 깨끗한 해안선을 따라 길이 300m, 6,611㎡의 백사장은 희고 고운 모래가 산재해 피서지로 최적이다. 1992년 7월에 개장된 이래 매년 해변과 백사장이 사계절 운영하는 곳으로 청간정 앞까지 해변으로 개방하여 깨끗한 백사장과 수려한 경관을 자랑한다. 주로 지역주민과 가족단위 피서객이 많이 찾아오며 인근 마을에 민박과 설악권 콘도미니엄 지역과 인접해 있어 이용하기 편리하다."
126791,12,천학정/문암포구,2.00312E+13,2.02508E+13,,,"<a href=""https://www.gwgs.go.kr/prog/tursmCn/tour/sub02_01/view.do?cntno=14"" target=""_blank"" title=""새창 : 홈페이지로 이동"">https://www.gwgs.go.kr</a>",http://tong.visitkorea.or.kr/cms/resource/91/3515791_image2_1.jpg,http://tong.visitkorea.or.kr/cms/resource/91/3515791_image3_1.jpg,Type1,32,2,51,820,HS,HS01,HS011200,A02,A0201,A02010700,강원특별자치도 고성군 천학정길 10,,24755,128.548026,38.2889523,6,"고성군에 해안가 경치가 뛰어난 곳으로 잘 알려진 청간정 말고도 잘 알려지지 않은 천학정이 있는데, 청간정에서 북으로 10분 정도 달려 아야진 고개를 넘어 교암리라는 마을에 위치하고 있다. 천학정은 1931년 지방유지 한치응, 최순문, 김성운 등이 발의하여 정면 2칸, 측면 2칸, 겹처마 팔각지붕의 단층으로 건립되었으며 정자의 정면에는 천학정 현판이 게판 되어 있고, 정자 내에는 천학정기와 그 좌측으로 천학정 시판이 게판 되어 있다. 천학정은 동해의 신비를 간직한 기암괴석이 깎아지른 듯한 해안 절벽 위에 자리 잡고 있으며, 정자 주위에는 1백 년 이상이 된 소나무가 자리 잡고 있어 풍치를 더해 주고 있다. 이곳은 일출명소이다. 보통 동해안 일출은 낙산사 의상대를 연상하는데, 이곳은 높은 기암절벽 위 정자이며, 주위에 송림이 우거져 천하절경의 일출을 연출한다. 천학정에서 일출을 즐긴 후 북으로 난 해안도로를 따라 문암리 항구를 들르는 것도 좋다. 문암리 포구는 작은 포구이지만 기암괴석이 바다로 뻗어 나와 있고 한적한 어촌의 정취를 느낄 수 있다. 문암포구의 능파대 위에서 맞는 일출은 동해안의 어느 해변 못지 않게 아름답다. 조용한 아침의 일출을 감상하기 위해 문암 포구를 찾는 것도 좋을 듯하다."
126792,12,간성향교,2.00205E+13,2.02508E+13,,,"<a href=""https://www.gwgs.go.kr/prog/cultureAssets/tour/sub02_1002/C02/view.do?pageIndex=1&cntno=17""target=""_blank"" title=""새창: 고성 문화관광"">https://www.gwgs.go.kr/tour</a>",http://tong.visitkorea.or.kr/cms/resource/11/3528111_image2_1.jpg,http://tong.visitkorea.or.kr/cms/resource/11/3528111_image3_1.jpg,Type1,32,2,51,820,HS,HS01,HS010900,A02,A0201,A02010700,강원특별자치도 고성군 간성읍 진부령로 2659,,24727,128.4389748,38.37788147,6,"1420년 창건된 간성향교는 1546년에 교동리로 이전하였으며 1592년 임진왜란 때에 소실되었다. 이후 군수 신인원이 명륜당을 중건했고 1850년에 현재의 위치인 구봉산 아래에 옮겨 세웠다. 6·25사변 때 소실된 것을 1954년에 재건하였으며, 1978년에는 동·서무를, 1980년에는 대성전을, 1981년에는 건물 전체의 내부 수리를 마쳤다. 현존하는 건물로는 대성전·동무·서무·명륜당 등이 있으며, 대성전 안에는 중국 유학자들과 우리나라 18현의 위패가 봉안되어 있다. 조선시대에는 국가로부터 전답과 노비, 전적 등을 지급받아 교관이 교생을 가르쳤으나, 현재는 교육적 기능은 없어지고 봄과 가을에 석전을 봉행하고 초하루 보름에 분향을 올리고 있으며, 전교 한 명과 장의 여러 명이 운영을 담당하고 있다."
127570,12,송지호 해안 서낭바위 (강원평화지역 국가지질공원),2.00402E+13,2.02506E+13,,,"<a href=""https://koreadmz.kr/geopark/place/gs/sj"" target=""_blank"" title=""새창 :강원평화지역국가지질공원사이트로 이동"">https://koreadmz.kr/geopark</a>",http://tong.visitkorea.or.kr/cms/resource/21/3333021_image2_1.jpg,http://tong.visitkorea.or.kr/cms/resource/21/3333021_image3_1.jpg,Type3,32,2,51,820,NA,NA02,NA020800,A01,A0101,A01011100,강원특별자치도 고성군 죽왕면 오호리,29-47,24747,128.5302264,38.32765855,6,"서낭바위는 송지호해변 남쪽의 화강암지대에 발달한 암석해안으로 화강암의 풍화미지형과 파도의 침식작용이 어우러져 매우 독특한 지형경관을 이루고 있다. 특히, 화강암층 사이로 두터운 규장질 암맥이 파고든(관입한) 형태를 이루어 독특한 경관을 형성한다. 서낭바위는 오호리 마을의 서낭당(성황당)이 위치하는데서 유래된 지명이다. 서낭당은 마을의 수호신으로 서낭신(성황신)을 모셔놓은 우리나라의 전통신앙의 영역으로, 서낭당 일대는 물건을 함부로 파거나 헐지 않는 금기가 지켜져 온 장소이다. (출처 : 강원평화지역 국가지질공원)"
127587,12,삼포해변,2.00307E+13,2.02508E+13,,,"<a href=""https://www.gwgs.go.kr/prog/tursmCn/tour/sub02_02/view.do?cntno=78"" target=""_blank"" title=""새창 : 고성군 문화관광 사이트로 이동"">https://www.gwgs.go.kr</a>",http://tong.visitkorea.or.kr/cms/resource/86/3516786_image2_1.jpg,http://tong.visitkorea.or.kr/cms/resource/86/3516786_image3_1.jpg,Type1,32,2,51,820,NA,NA02,NA020900,A01,A0101,A01011200,강원특별자치도 고성군 죽왕면 삼포해변길 15-4,,24750,128.5354263,38.31494902,6,"삼포해변은 깨끗한 백사장, 울창한 송림을 지닌 피서지로 1977년 개장되었으며, 1980년 5월에 국민관광지로 조성되었다. 길이 800m, 폭 75m가 되는 모래사장에는 바닷말이 짙게 자라나 있고, 물깊이가 1~2m 정도여서 해수욕의 즐거움을 한껏 누릴 수 있다. 또한, 조용하고 깨끗한 넓은 백사장과 함께 일대 주변의 송림이 우거져 가족단위 해변으로 적합하다. 맞은편에는 흑도와 백도, 그리고 호미섬이 있어 바다 낚시터로도 사랑받고 있다."
127874,12,송지호 해수욕장,2.00309E+13,2.02509E+13,,,"<a title=""새창 : 고성군 문화관광 홈페이지로 이동"" href=""https://www.gwgs.go.kr/prog/tursmCn/tour/sub02_01/view.do?cntno=79"" target=""_blank"">https://www.gwgs.go.kr/</a>",http://tong.visitkorea.or.kr/cms/resource/14/3516814_image2_1.jpg,http://tong.visitkorea.or.kr/cms/resource/14/3516814_image3_1.jpg,Type1,32,2,51,820,NA,NA02,NA020900,A01,A0101,A01011200,강원특별자치도 고성군 죽왕면 오호리,,24747,128.5279599,38.33073315,6,"송지호 해수욕장은 백사장 길이 2㎞, 폭 100m에 물이 맑고 깊이가 얕으며, 근처에는 죽도와 설악산이 위치하고 있다. 바다 전면에는 대나무와 기암괴석이 어우러진 죽도가 놓여 있어 경관이 아름답기로 유명하다. 해수욕장 북쪽 500m 거리에 위치한 송지호는 동해안의 대표적인 천연 석호와 겨울철새인 고니의 도래지로도 유명한 곳이며, 담수와 바닷물이 만나는 곳으로 바닷물고기와 민물고기가 함께 서식하여 바다 낚시터로도 알려져 있다."
128171,12,고성 통일전망타워,2.00406E+13,2.02507E+13,,,"고성 통일전망타워 <a href=""http://www.tongiltour.co.kr/"" target=""_blank"" title=""새창 : 고성 통일전망타워 홈페이지로 이동"">http://www.tongiltour.co.kr</a><br>고성 문화관광 <a href=""https://www.gwgs.go.kr/tour/sub01_0504.do"" target=""_blank"" title=""새창 : 고성 문화관광 홈페이지로 이동"">https://www.gwgs.go.kr/tour/</a>",http://tong.visitkorea.or.kr/cms/resource/54/2599054_image2_1.jpg,http://tong.visitkorea.or.kr/cms/resource/54/2599054_image3_1.jpg,Type3,32,2,51,820,VE,VE01,VE010200,A02,A0205,A02050600,강원특별자치도 고성군 현내면 금강산로 481,,24702,128.4173975,38.51477062,6,"휴전선과 남방한계선이 만나는 해발 70m 고지의 통일전망대에 서면 금강산의 구선봉과 해금강이 지척에 보이고 맑은 날에는 옥녀봉, 채하봉, 일출봉 등을 볼 수 있다. 발아래의 휴전선 철책을 사이에 두고 대치해 있는 최전방 초소는 남북한의 긴장감을 느끼게 한다. 연간 150만 명 이상의 관광객이 찾는 고성의 대표적인 관광지인 이곳엔 북녘에 두고 온 산하와 가족을 그리는 실향민과 통일을 염원하는 이들을 위한 성모상, 미륵불상, 전진철탑 등 종교적인 부대시설과 장갑차, 탱크, 비행기 등 안보 교육용 전시물이 있다. 2004년 12월 개통된 동해선 남북 연결도로로 금강산육로 관광이 이루어지는 모습을 볼 수 있다."
128749,12,거진항,2.00601E+13,2.02508E+13,,,"<a href=""https://www.gwgs.go.kr/prog/tursmCn/tour/sub02_09/view.do?cntno=100"" target=""_blank"" title=""새창 : 고성군 문화관광 홈페이지로 이동"">https://www.gwgs.go.kr</a>",http://tong.visitkorea.or.kr/cms/resource/50/3515850_image2_1.jpg,http://tong.visitkorea.or.kr/cms/resource/50/3515850_image3_1.jpg,Type1,32,2,51,820,NA,NA02,NA020700,A01,A0101,A01011400,강원특별자치도 고성군 거진읍 거진항1길 62-3,(거진읍) 일대,24713,128.4598152,38.44651275,6,"거진항은 38도선 이북(북위 38˚ 26'')에 위치한 건설부 지정 제2종 항만이다. 접적지구라는 입지적인 조건 등으로 오지 어촌으로만 여겨왔던 이곳은 1973년 거진면이 읍으로 승격되면서 항구 주변에 현대식 고층 건물이 들어서 상업도시로 면모를 갖추어 동해북부 어업 전진기지로 성장해 가고 있다. 거진항은 태백산맥 줄기의 구름이 해안을 에워싸고 있어 오래전부터 천혜의 어항으로 발달해왔다. 거진항의 최대 인구는 오징어가 가장 호황하던 1970년대로 당시 인구는 2만5천명이었다. 거진항의 발전은 명태가 유도했고 명태 주산지로 별미음식이 다양하다. 신선한 명태 아가미만을 따내 무우채와 함께 버무린 명태서거리, 차좁쌀로 버무린 명란식해 등의 별미 음식이 많다. 주요 어종은 명태, 문어, 광어, 전복, 해삼, 멍게 등이 많이 잡히며 자연 성게알인 운단을 체취하여 멀리 일본으로 수출하기도 한다. 영동고속도로 개설 후 한계령, 진부령 도로 포장 등으로 해산물의 판로가 좋아 어민 생활 향상에 크게 기여하고 있다."
128750,12,자작도해변,2.00601E+13,2.02508E+13,,,"<a href=""https://www.gwgs.go.kr/tour/index.do#"" target=""_blank"" title=""새창 : 고성문화관광 홈페이지로 이동"">https://www.gwgs.go.kr/tour</a>",http://tong.visitkorea.or.kr/cms/resource/56/3517256_image2_1.jpg,http://tong.visitkorea.or.kr/cms/resource/56/3517256_image3_1.jpg,Type1,32,2,51,820,NA,NA02,NA020900,A01,A0101,A01011200,강원특별자치도 고성군 죽왕면 자작도선사길,(죽왕면),24752,128.5428564,38.30948313,6,"자작도해변은 초승달 모양의 해안선을 따라 발달한 희고 고운 모래와 6,000여 평의 백사장으로 이루어졌다. 유영 폭이 길고 수심이 낮아 어린이가 있는 가족 단위의 피서객이 즐길 수 있는 해수욕장이고 해수욕장 좌우에 발달한 기암괴석의 경관이 매우 빼어나다. 다른 곳에 비해 백사장이 길고 송림이 우겨져 남다른 경관을 자랑하고 있으며 1991년 7월에 개장된 이래 많은 관광객에게 지속적으로 사랑받고 있다. 강한 파도에 표면이 매끈하게 다듬어진 암석들이 다양한 형태로 흩뿌려진 모습이 너무나 인상적이며 스노클링 포인트가 있다. 아이들과 같이 고운 모래 속에 숨어 있는 조개도 잡아보고 바위틈에 붙어있는 어패류를 떼다 보면 시간 가는 줄 모른다."
129178,12,대진등대,2.00607E+13,2.02508E+13,,,"<a title=""새창 : 고성군청 문화관광 홈페이지로 이동"" href=""https://www.gwgs.go.kr/tour/index.do"" target=""_blank"">https://www.gwgs.go.kr</a>",http://tong.visitkorea.or.kr/cms/resource/92/3515892_image2_1.jpg,http://tong.visitkorea.or.kr/cms/resource/92/3515892_image3_1.jpg,Type1,32,2,51,820,VE,VE01,VE010800,A01,A0101,A01011600,강원특별자치도 고성군 현내면 한나루로4길 16-38,,24703,128.428794,38.50378046,6,"대진등대는 거진항과 마차진 사이의 돌출된 곶에 자리 잡은 곳이다. 등탑이 팔각형 콘크리트로 이루어져 있고, 불빛은 12초 간격으로 깜빡이며, 약 37㎞ 떨어진 해상에서 식별이 가능하다. 또한 등탑 위 전망대에 올라서면 동해바다의 아름다운 모습을 조망할 수 있으며 환상적인 일출과 석양을 감상하기에 제격이다. 시야가 좋은 날에는 멀리 해금강은 물론이고 북한지역까지 바라볼 수 있다. 대진등대는 설치 당시 1개의 유인 등대와 또 다른 보조 등대로 구성되어 있었다. 그 이유는 대진등대가 설치된 목적이 어로 한계선을 표시하는 도등(2개의 등대를 연결하는 선이 어로 한계선)의 역할을 하기 위해 1973년 1월 불빛을 밝히기 시작했기 때문이다. 그러나 1991년 어로한계선을 북쪽으로 5.5㎞로 상향 조정하면서 도등의 역할을 마치고 1993년 4월 1일 일반등대로 전환되었다. 대진등대의 또 하나의 특징은 동해안 최북단의 무인 등대인 저진도등을 원격으로 관리하는 곳이라는 점이다. 저진도등은 2개의 등대를 연결한 선이 어로 한계선임을 표시하면서 어선들이 월북 조업하지 않도록 안전한 위치를 알려주는 역할을 하고 있으며 이 저진도등의 전도등은 35m, 후도등은 20m의 높이로서 홍백 사각의 콘크리트 등대이다. 현재 군사, 안전상의 이유로 전망대 출입이 통제되고 있다."
129591,12,이승만별장(고성),2.00707E+13,2.02507E+13,,,"<a href=""https://www.gwgs.go.kr/prog/tursmCn/tour/sub02_05/view.do?cntno=51"" target=""_blank"" title=""새창 : 고성군 문화관광 홈페이지로 이동"">https://www.gwgs.go.kr/tour/</a>",http://tong.visitkorea.or.kr/cms/resource/02/3388602_image2_1.jpg,http://tong.visitkorea.or.kr/cms/resource/02/3388602_image3_1.jpg,Type3,32,2,51,820,HS,HS04,HS040100,A02,A0201,A02011000,강원특별자치도 고성군 이승만별장길 33 이승만별장,,24707,128.4363027,38.47088167,6,"고성군 화진포에는 세 명의 옛 정치인의 별장인 김일성 별장, 이승만 별장, 이기붕 별장이 나란히 놓여 있다. 이승만 별장은 대한민국 초대 대통령인 이승만이 머물렀던 곳으로, 1954년에 신축된 뒤 1961년에 폐허가 되었다가 1997년 7월 육군이 재건축하여 1999년 전시관으로 복원되었다. 내부에는 침실과 집무실로 쓰이던 방 두 개와 거실로 구분되어 있으며, 유족들에게 기증받은 물품들로 전시하여 이승만 대통령이 기거하던 시절의 모습을 그대로 재현하였다. 단출한 가구와 소박한 물건들 그리고 생전의 사진들로 그 당시의 분위기를 가늠할 수 있다. 별장 안에서 밖을 바라보면 주변의 울창한 송림과 한데 어우러진 화진포 두 개의 호수가 한눈에 보이는 까닭에 화진포의 세 별장 중 가장 경치가 뛰어나다는 평을 받고 있다. 조용히 바깥 풍광을 즐기며 편안하게 쉴 수 있는 평온하고 조용한 별장이다."
129889,14,고성문화원,2.00505E+13,2.02505E+13,,,"<a href=""http://www.goseongcul.com/main/index.html"" target=""_blank"" title=""새창 : 고성문화원 홈페이지로 이동"">http://www.goseongcul.com/main/index.html</a>",http://tong.visitkorea.or.kr/cms/resource/77/3081077_image2_1.jpg,http://tong.visitkorea.or.kr/cms/resource/77/3081077_image3_1.jpg,Type3,32,2,51,820,VE,VE09,VE090100,A02,A0206,A02060700,강원특별자치도 고성군 간성읍 간성로 71-7,,24729,128.4669111,38.37869859,6,"고성문화원은 지역 문화 창달과 문화복지 증진을 통해 주민들의 삶의 질 향상과 문화 진흥을 위한 문화 사업의 수행을 목적으로 설립되었다. 주민들의 문화에 대한 고취와 문화 예술적 감성을 개발하고, 향상시키기 위한 문화 학교를 운영하고 있다. 향토문화사 조사 연구 및 사료 수집 발굴, 각종 전시활동, 각종 경연 대회 개최, 지역사회교육, 각종 문화 예술행사 주관, 문화학교를 개설 운영하고 있다. 문화 학교에는 약 20개의 교육강좌가 개설되어 있어서 원하는 강좌를 적은 수강료를 지불하고 수업을 들을 수 있다."
131068,28,화진포,2.00207E+13,2.02507E+13,,,,http://tong.visitkorea.or.kr/cms/resource/10/1813110_image2_1.jpg,http://tong.visitkorea.or.kr/cms/resource/10/1813110_image3_1.jpg,Type3,32,2,51,820,LS,LS02,LS020600,A03,A0303,A03030600,강원특별자치도 고성군 거진읍 화포리,,24710,128.4398829,38.47110394,6,"화진포는 동해와 연접해 자연 풍광이 수려하고 면적 72만 평에 달하는 광활한 호수 주위에 울창한 송림이 병풍처럼 펼쳐진 국내 최고의 석호이다. 수만 년 동안 조개껍질과 바위가 부서져 만들어진 화진포의 모래는 모나 즈 성분으로 이중환의 택리지에 한자의 울 ‘명’자와 모래 ‘사’자를 써 ‘명사’ 라고 기록되어 있고, 해변은 수심이 얕고, 물이 맑을 뿐만 아니라 금구도(섬)가 절경을 이루어 해수욕장으로 널리 알려져 있다. 겨울에는 천연기념물인 고니 등 수많은 철새들이 찾아와 장관을 이룬다. 새하얀 고니 떼가 노니는 모습은 ‘백조의 호수’ 를 연상케한다. 화진포는 오염되지 않은 깨끗한 물과 갈대 숲속에 풍부한 먹이가 있어 철새들에게 알맞은 휴식처가 된다. 주변의 풍광이 빼어난 곳에 화진포의 성(구 김일성 별장)이 있고 이승만 초대 대통령, 이기붕의 별장과 세계적 희귀 조개, 산호 물고기 화석 등 1,500여 종 4만여 점을 전시한 화진포 해양 박물관이 있으며 지석묘 등 문화유적이 곳곳에 남아 있다. 잉어, 숭어, 향어, 붕어, 가물치 등 어족자원이 풍부하다."
131865,28,파인리즈컨트리클럽,2.00611E+13,2.02503E+13,,,"<a href=""http://www.pineridge.co.kr"" target=""_blank"" title=""새창 : 파인리즈리조트 홈페이지로 이동"">http://www.pineridge.co.kr</a>",http://tong.visitkorea.or.kr/cms/resource/67/1581467_image2_1.jpg,http://tong.visitkorea.or.kr/cms/resource/67/1581467_image3_1.jpg,Type3,32,2,51,820,LS,LS01,LS010400,A03,A0302,A03020700,강원특별자치도 고성군 토성면 잼버리동로 267,,24763,128.5376117,38.24327686,6,"파인리즈컨트리클럽은 남한의 금강산으로 일컬어지는 설악산을 등에 지고 장엄한 생명의 시작과도 같은 일출을 바라볼 수 있는 동해가 눈앞에 펼쳐진 천혜의 자연조건을 골고루 갖춘 골프 파크이다. 설악산의 수려한 경관에서 주는 준엄함과 자연 그대로의 아름다움이 주는 선물은 골프가 단순한 스포츠가 아닌 삶의 한 부분인 여가를 당당히 담당하게 됨을 느끼게 된다. 더욱이 눈앞에 펼쳐진 넓고 푸른 동해는 끊임없이 쳐 오르는 파도처럼 변함없는 젊음을 느낄 수 있는 넘치는 힘을 느낄 수 있도록 해준다. 파인리즈컨트리클럽은 이 자연에 어울리도록 각 홀 마다 특징을 가진 나무를 중심으로 꾸몄다. 나무가 상징하는 굳건함과 청아함은 단순한 골프만을 위한 곳이 아닌, 자랑스럽고 격조 높은 서비스를 제공하는 곳임을 의미한다."
132783,38,간성전통시장,2.00705E+13,2.02505E+13,,간성시장 상인회,"<a href=""https://www.gwgs.go.kr/prog/tursmCn/tour/sub06_01/view.do?cntno=33"" target=""_blank"" title=""새창 : 고성군 문화관광 홈페이지로 이동"">https://www.gwgs.go.kr/tour/</a>",http://tong.visitkorea.or.kr/cms/resource/69/3378469_image2_1.JPG,http://tong.visitkorea.or.kr/cms/resource/69/3378469_image3_1.JPG,Type3,32,2,51,820,SH,SH06,SH060100,A04,A0401,A04010100,강원특별자치도 고성군 간성읍 간성시장2길 9-3,,24735,128.4697192,38.38021513,6,"고성 간성전통시장은 1965년 개설된 상가건물형의 시장으로 장날은 매월 2일, 7일이다. 시장 출입구가 총 4곳으로 오고 가기 편하다. 또한 현대식 아케이드 설치와 깔끔하게 잘 정리된 바닥 덕분에 한층 쾌적하고 정갈한 분위기 속에서 장보기 좋다. 고성 간성전통시장은 먹거리 상가라는 거리를 만들었다. 먹거리 상가의 주요 음식은 옹심이, 메밀전, 도루묵찌개 등 듣기만 해도 구수하고 맛있는 음식들이 있다. 시장을 둘러다 보면 이색적인 풍경을 볼 수 있다. 떡집에서 기계로 떡을 뽑아내는 장면을 볼 수 있으며, 떡메치기를 시장에 방문한 사람이라면 누구라도 체험해 볼 수 있도록 준비되어 있다. 손님들은 떡메치기 체험으로 쫀득쫀득한 떡을 직접 만들어 볼 수 있고, 떡집에서는 손님들이 만들어본 떡을 가지고 즉석에서 인절미로 만들어 시식까지 할 수 있게 해 준다."
132784,38,거진전통시장,2.00705E+13,2.02504E+13,033-681-2191,거진시장,"고성군 문화관광 <a href=""https://www.gwgs.go.kr/prog/tursmCn/tour/sub06_01/view.do?cntno=35"" target=""_blank"" title=""강원 고성 문화관광 홈페이지로 이동"">https://www.gwgs.go.kr/</a>",http://tong.visitkorea.or.kr/cms/resource/75/3026775_image2_1.jpg,http://tong.visitkorea.or.kr/cms/resource/75/3026775_image3_1.jpg,Type3,32,2,51,820,SH,SH06,SH060100,A04,A0401,A04010100,강원특별자치도 고성군 거진읍 거진시장길 17-11,,24715,128.4538102,38.44795969,6,"거진전통시장은 1965년 개설·등록된 상설시장이자 5일장(1, 6일)이 서는 장터로서 국내 최대 명태 어획 산지인 거진항과 인접하여 1980년대까지는 고성군 관내 시장 중 가장 규모가 크고 지역경제 활성화의 중추적 역할을 담당하였다. 현재 고성군의 지속적인 도시계획 정비사업 추진으로 도시계획 도로개설 등 시장접근성이 용이하도록 기반시설이 구축되어 있어 비가림시설, 진입도로 확장, 화장실 정비, 전통시장 전용 주차장 확보 등 환경 개선을 통하여 이용객 편의 증진을 도모하고자 편리하고 깨끗한 전통시장 환경을 조성하였다."
1911421,38,고성 DMZ박물관 뮤지엄샵,2.01404E+13,2.02504E+13,,,"DMZ박물관 <a href=""https://www.dmzmuseum.com/museum"" target=""_blank"" title=""새창 : DMZ박물관홈페이지로 이동"">https://www.dmzmuseum.com/museum</a>",http://tong.visitkorea.or.kr/cms/resource/39/3026739_image2_1.jpg,http://tong.visitkorea.or.kr/cms/resource/39/3026739_image3_1.jpg,Type3,32,2,51,820,SH,SH05,SH050300,A04,A0401,A04010900,강원특별자치도 고성군 현내면 통일전망대로 369,,24701,128.3827237,38.57637663,6,"강원도 고성군 DMZ박물관 2층에 위치한 ‘DMZ박물관 뮤지엄샵’은 (사)한국관광명품협회에서 운영하는 기념품점으로 안보와 생태관광 두가지 컨셉으로 DMZ특화 기념품을 개발하여 판매하고 있으며 대한민국 관광기념품 공모전 수상제품으로 구성되어 있어 한국의 전통미를 살린 기념품으로 선물용으로도 많이 판매되고 있다. 그 외 체험코너, 입상작 전시코너와 함께 동해가 한눈에 보이는 카페에서 차와 음악을 들을 수 있는 휴식 공간도 마련되어 있다. DMZ 박물관은 1.4㎞ 떨어져 있는 고성통일전망대를 먼저 방문해서 멀리 보이는 북한의 해안을 보고 나서 들리면 좋은 곳이다."
1922074,14,화진포역사안보전시관,2.01405E+13,2.02507E+13,,,"<a href=""https://www.gwgs.go.kr/prog/tursmCn/tour/sub02_05/view.do?cntno=51"" target=""_blank"" title=""새창 : 고성 문화관광 홈페이지로 이동"">https://www.gwgs.go.kr/</a>",http://tong.visitkorea.or.kr/cms/resource/10/3394010_image2_1.JPG,http://tong.visitkorea.or.kr/cms/resource/10/3394010_image3_1.JPG,Type3,32,2,51,820,VE,VE07,VE070300,A02,A0206,A02060300,강원특별자치도 고성군 현내면 이승만별장길 33,,24707,128.4367915,38.47103166,6,"화진포역사안보전시관(이승만·이기붕·김일성 별장)은 울창한 소나무 숲과 넓은 호수, 명사십리와 청정바다가 한데 어우러진 빼어난 자연경관을 자랑하는 고성의 대표적인 관광지이다. 동해안 최북단인 이곳은 주변 경관이 수려해 과거 분단 이전과 이후 남과 북의 정치인과 유명 인사들이 별장으로 이용한 자취가 근대문화유산으로 남아있다. 이승만 초대 대통령과 김일성, 이기붕과 박마리아 등 한국 근대역사의 한 페이지를 장식한 주요 정치가들이 별장을 지어 여름을 지낸 곳으로 유명하다."
2514792,12,하늬라벤더팜,2.01711E+13,2.02505E+13,,,"<a href=""http://www.lavenderfarm.co.kr/"" target=""_blank"" title=""새창 : 하늬라벤더팜 홈페이지로 이동"">http://www.lavenderfarm.co.kr/</a>",http://tong.visitkorea.or.kr/cms/resource/40/3492140_image2_1.jpg,http://tong.visitkorea.or.kr/cms/resource/40/3492140_image3_1.jpg,Type3,32,2,51,820,NA,NA04,NA040700,A01,A0101,A01010700,강원특별자치도 고성군 간성읍 꽃대마을길 175,,24740,128.4150501,38.34862053,6,"하늬라벤더팜은 강원도 고성군 금강산 자락에 자리한 작은 산골 마을에 자리한 곳으로 매년 6월이면 언덕이 보랏빛으로 물들고, 라벤더 향기가 마을을 가득 채운다. 라벤더와 양귀비, 호밀밭이 주변 풍경과 어우러지며, 빈티지한 정원과 메타세쿼이아 숲이 이국적인 장관을 만들어 눈길을 사로잡는다. 이곳은 ‘라벤더 전도사’로 불리는 하덕호 대표가 2006년부터 약 3만 3,000㎡의 부지에 라벤더를 심어 가꾼 이곳은, 그의 열정으로 탄생한 라벤더 농장이다. 경기도 의왕시에서 허브숍을 운영하던 하 대표는 허브 제품의 원료가 되는 라벤더를 직접 재배하기 위해 이곳에 정착했다. 따뜻한 고성은 국내에서 라벤더가 자라기에 가장 적합한 기후 조건을 갖추고 있다."
2514820,12,가진항,2.01711E+13,2.02508E+13,,,"<a title=""새창 : 고성군청 문화관광 홈페이지로 이동"" href=""https://www.gwgs.go.kr/prog/tursmCn/tour/sub02_09/view.do?cntno=59"" target=""_blank"">https://www.gwgs.go.kr</a>",http://tong.visitkorea.or.kr/cms/resource/36/3515836_image2_1.jpg,http://tong.visitkorea.or.kr/cms/resource/36/3515836_image3_1.jpg,Type1,32,2,51,820,NA,NA02,NA020700,A01,A0101,A01011400,강원특별자치도 고성군 죽왕면 가진해변길 121-12,,24744,128.5133184,38.36822293,6,"아침에 조용히 혼자 걸었을 때 마음을 풍요롭게 하고 편하게 해주는 가진항은 어촌계의 비교적 큰 규모의 항이다. 가진항은 간성읍 사이에 위치한 항구로 7번 국도에서 마을로 통하는 도로를 이용하여 항구로 갈 수도 있고 공현진마을을 지나 새로 생긴 해안도로(우회도로)를 이용하여 바로 항구로 갈 수도 있다. 동쪽은 동해바다를 바라보고 있고, 서쪽으로는 간성읍 탑동리, 남쪽으로는 공현진 2리, 그리고 북쪽으로는 향목리가 각각 이웃하고 있다."
2514823,39,해오름거진항생선찜,2.01711E+13,2.02507E+13,,,,http://tong.visitkorea.or.kr/cms/resource/32/3016332_image2_1.jpg,http://tong.visitkorea.or.kr/cms/resource/32/3016332_image3_1.jpg,Type3,32,2,51,820,FD,FD01,FD010100,A05,A0502,A05020100,강원특별자치도 고성군 거진읍 반암길 38,,24723,128.4625324,38.42241284,6,"반암해수욕장 근처에 위치하고 20년 이상 영업을 하고 있는 생선 맛집이다. 코다리찜, 모둠생선조림 등 사계절 맛있는 각종 찌개를 신선한 재료로 정성껏 요리한다. 밑반찬은 약 8종류로 깔끔하게 나온다. 코다리조림에는 약간의 떡과 우동사리가 들어 있고 빨간 양념이 달달하면서 짭쪼름하고 맛있다. 모듬생선구이 생선은 촉촉하니 금방 잡은 생선으로 요리한 것처럼 부드럽다. 식당 앞에 있는 의자에 앉아서 바다를 구경할 수도 있고 반암해수욕장 해변을 거닐면서 바다의 향기를 느끼며 즐거운 시간을 가질 수 있다. 식당과 함께 민박도 같이 운영을 하고 있다."
2514832,39,청보횟집,2.01711E+13,2.02507E+13,,,"<a href=""http://ok114.co.kr/0336312584"" target=""_blank"" title=""새창 : 청보횟집 홈페이지로 이동"">http://ok114.co.kr/0336312584</a>",http://tong.visitkorea.or.kr/cms/resource/90/3016290_image2_1.jpg,http://tong.visitkorea.or.kr/cms/resource/90/3016290_image3_1.jpg,Type3,32,2,51,820,FD,FD01,FD010100,A05,A0502,A05020100,강원특별자치도 고성군 죽왕면 공현진해변길 95-3,,24745,128.5099413,38.35606595,6,"청보횟집은 고성군 공현진해수욕장 내에 위치하고 자연산 활어판매를 전문으로 하는 고성의 매운탕 맛집이다. 1층은 수족관 및 주방이 있고, 2층은 음식을 먹는 식당으로 테이블식과 좌식이 있다. 최근 리모델링을 해서 깨끗하며 물회를 맛보러 오는 손님들이 주를 이룬다. 물회에는 일반물회, 해삼물회, 모둠물회가 있고 그 외에도 모둠회, 매운탕, 멍게비빔밥, 성게알밥, 회덮밥이 있다. 문어비빔국수를 신메뉴로 출시했고, 생선은 모두 청정 동해안 자연산을 판매한다. 파도 소리를 들으며 식사를 할 수 있고 인근 해수욕장을 둘러 볼 수 있다."
2514847,12,고성 문암리 유적,2.01711E+13,2.02508E+13,,,"고성군 문화관광 <a href=""https://www.gwgs.go.kr/prog/cultureAssets/tour/sub02_1001/C01/view.do?pageIndex=1&cntno=7"" target=""_blank"" title=""새창 : 고성군 문화관광 홈페이지로 이동"">https://www.gwgs.go.kr/prog/cultureAssets/tour</a>",http://tong.visitkorea.or.kr/cms/resource/16/3016316_image2_1.jpg,http://tong.visitkorea.or.kr/cms/resource/16/3016316_image3_1.jpg,Type3,32,2,51,820,HS,HS01,HS011000,A02,A0201,A02010700,강원특별자치도 고성군 죽왕면 문암진리,,24752,128.5444286,38.30475872,6,"고성 문암리 선사유적은 동해안에서 내륙 쪽으로 약 400m 떨어진 구릉지대의 남쪽사면 사구위에 형성되어 있는데 인근에는 초기 철기시대의 유적이 분포하고 있어 여러 시기에 걸쳐 형성된 유적이다. 1998년 12월부터 1999년 3월까지 문화재청 국립 문화재연구소에서 전체 유적 중 약 200여평의 발굴조사를 한 결과 5개의 유물 포함층과 3개의 신석기시대 문화층이 퇴적되어 있음을 확인하였고 3기의 주거지와 야외 노지 등 다양한 유구가 발견되었다. 한반도 동북지방과 중국의 동북 3성 지방, 러시아 아무르강 연안을 포함하는 동북아시아의 신석기 문화와 한반도 선사인의 원류 및 이동경로, 당시의 문화계통과 전파 정도 등을 밝히는데 있어 매우 중요한 유적이다. 문암리 선사유적은 고성 여행지 중 가장 정적인 곳이다."
2568287,39,다연,2.01811E+13,2.02507E+13,033-631-3812,다연,"<a href=""http://ocean2you.co.kr/package/?type=dining"" target=""_blank"" title=""새창 : 한식당 다연 이동"">http://ocean2you.co.kr</a>",http://tong.visitkorea.or.kr/cms/resource/88/2568288_image2_1.jpg,http://tong.visitkorea.or.kr/cms/resource/88/2568288_image3_1.jpg,Type3,32,2,51,820,FD,FD01,FD010100,A05,A0502,A05020100,강원특별자치도 고성군 죽왕면 삼포해변길 9,1층,24750,128.5309961,38.31710979,6,"오션투유리조트 내에 위치한 다연은 매일 다양한 구성으로 제공되는 프리미엄 조식뷔페이다. 특급호텔 20년 근무 경력의 조리장이 질 좋은 제철 식재료를 선별하여 요리한다. 양식과 한식으로 다채롭게 구성되어 있어 입맛에 따라 만족스러운 식사를 할 수 있다. 이 외에 디저트, 샐러드 등도 준비되어 있다. 리조트 투숙객이 아닌 일반 외부인도 이용이 가능하며, 숙취에 좋은 해장국이 매일 랜덤으로 제공되고 있다. (출처 : 오션투유리조트 홈페이지)"
2570207,12,능파대 (강원평화지역 국가지질공원),2.01811E+13,2.02506E+13,,,"강원평화지역 국가지질공원 <a href=""https://koreadmz.kr/geopark/place/gs/np"" target=""_blank"" title=""새창 : 국가지질공원 홈페이지로 이동"">https://koreadmz.kr/geopark/</a><br>능파대 <a href=""http://neungpadae.co.kr/"" target=""_blank"" title=""새창: 능파대 홈페이지로 이동"">http://neungpadae.co.kr/</a>",http://tong.visitkorea.or.kr/cms/resource/73/3363773_image2_1.jpg,http://tong.visitkorea.or.kr/cms/resource/73/3363773_image3_1.jpg,Type3,32,2,51,820,NA,NA04,NA040400,A01,A0101,A01010500,강원특별자치도 고성군 죽왕면 괘진길 65,,24752,128.5499645,38.2964459,6,"능파대(凌波臺)는 육계도(陸繫島, land-tied island)를 이루는 암석해안 상에 발달한 대규모 타포니(tafoni) 군락이다. ‘파도를 능가하는 돌섬’이라는 능파대의 이름은 파도가 몰아쳐 바위를 때리는 광경을 빗대어 붙여졌다. 육계도는 모래더미가 쌓여 육지와 연결된 섬을 말하며, 타포니는 암석의 측면(암벽)에 벌집처럼 집단적으로 파인 구멍들을 가리킨다. 능파대는 본래 문암해안 앞에 기반암(화강암)이 노출된 섬(암초)으로 존재하였으나 파랑의 작용이 줄어드는 섬의 배후에 문암천에서 공급된 모래가 쌓임으로써 육지와 연결되었다. 그러나 현재 능파대의 남측경계를 따라 문암 2리 항구가 들어섰고 섬과 문암해안을 연결하는 육계사주상에 취락이 들어섬으로써 육계도의 원형은 거의 관찰할 수 없다. (출처 : 강원평화지역 국가지질공원 홈페이지)"
2616507,12,고성 제3기 현무암 (강원평화지역 국가지질공원),2.01908E+13,2.02507E+13,,,"<a href=""https://koreadmz.kr/geopark/place/gs/hm""target=""_blank"" title=""새창: 강원평화지역 국가지질공원 "">https://koreadmz.kr/geopark/place/gs/hm</a>",http://tong.visitkorea.or.kr/cms/resource/03/2616503_image2_1.bmp,http://tong.visitkorea.or.kr/cms/resource/03/2616503_image3_1.bmp,Type3,32,2,51,820,NA,NA03,NA030300,A01,A0102,A01020200,강원특별자치도 고성군 토성면 뒷골길 60,,24753,128.5059273,38.28298273,6,"강원도 고성은 우리나라의 대표적인 신생대 제3기 알칼리 현무암 분포지역이다. 제3기 현무암은 고성산, 오음산, 뒷배재, 운봉산 등의 5~7부 능선 이상에 분화구가 메워진 둥근 돔 형태로 나타난다. 이 지역에 산출되는 현무암은 다양한 종류의 맨틀 포획암과 지각 아래의 물질을 포함하고 있다. 따라서 고성의 현무암 분포지에서는 지각 깊은 곳의 물질들을 직접 눈으로 확인할 수 있다. 이와 함께 고성의 제3기 현무암에서는 주상절리가 특징적으로 잘 나타나며, 이들 주상절리가 깨어져 산 정상에서 밑부분까지 여러 갈래로 흘러내리며 쌓여 만들어진 암괴류인 테일러스(돌서렁)도 관찰된다. 이는 화산활동으로 형성된 현무암 덩어리에 육각의 주상절리가 형성되고, 이 주상절리가 부서지면서 사면의 골짜기나 능선을 뒤덮은 것이다. 이들 암괴류는 산간지방에서 매우 흔하게 관찰되는 지형이지만 현무암으로 구성된 암괴류는 매우 드문 경우에 해당한다."
2616535,12,진부령,2.01908E+13,2.02504E+13,,,"<a href=""https://www.koreadmz.kr/geopark/place/ij/jb""target=""_blank"" title=""새창: 강원평화지역 국가지질공원 "">http://www.koreadmz.kr/</a>",http://tong.visitkorea.or.kr/cms/resource/31/2616531_image2_1.bmp,http://tong.visitkorea.or.kr/cms/resource/31/2616531_image2_1.bmp,Type3,32,2,51,820,NA,NA01,NA010100,A01,A0101,A01010400,강원특별자치도 고성군 간성읍 진부리,,24742,128.3166041,38.33182337,6,"진부령은 신생대 제3기 말에서 제4기 초에 걸쳐 일어난 경동성 요곡운동으로 형성된 태백산맥을 동서로 넘는 주요 고개 중 하나로 태백산맥 중부지역에서는 높이가 가장 낮은 고개이다. 진부령의 서쪽 사면인 인제 방면은 완만한 경사를 이루지만 동쪽 사면인 고성 방면은 상대적으로 급경사를 이루어 비대칭 형태를 보인다. 진부령이라는 지명은 조선시대 진부원이라는 숙소가 위치한 데서 유래되었다. 남북으로 발달한 태백산맥으로 인해 영동과 영서 두 지방의 기후, 풍토, 언어, 생활습관 등에 많은 차이를 가져왔다."
2713396,12,함정균가옥,2.02104E+13,2.02505E+13,,,"<a href=""https://www.heritage.go.kr/heri/cul/culSelectDetail.do?pageNo=1_1_1_1&sngl=Y&ccbaCpno=3413200780000"" target=""_blank"" title=""새창 : 국가유산청 홈페이지로 이동"">https://www.khs.go.kr/</a>",http://tong.visitkorea.or.kr/cms/resource/93/2713593_image2_1.jpg,http://tong.visitkorea.or.kr/cms/resource/93/2713593_image3_1.jpg,Type3,32,2,51,820,HS,HS01,HS010400,A02,A0201,A02010400,강원특별자치도 고성군 죽왕면 왕곡마을길 52,,24746,128.4986067,38.34119524,6,"고성 함정균 가옥은 안채와 행랑채로 구성되어 있으며, 안채는 함경도형 온돌 중심 겹집에 마루가 도입된 전형적인 평면 형식이다. 정면 4칸, 측면 2칸의 팔각기와지붕 가옥으로, 정면 2칸에는 마루가 있고, 그 뒤로 2칸의 안방이 있으며, 측면에는 사랑방과 고방이 있다. 자연석 기단과 초석에 각기둥을 세운 후 굴도리(보와 직각 방향으로 걸어 서까래를 받치는 수평재의 일종)를 결구하였다. 외벽은 재사벽으로 마감하고, 전면 창호는 세살문으로 짜여 있다. 마루방 부분의 하부에는 머름대를 두르고 벽체 중간에는 띠방이 있다. 안방과 고방 뒤로 툇간(건물의 덧달아 낸 칸, 물림칸) 마루가 있으며, 마루의 양쪽 끝에는 뒤주와 판재로 만들어 벽장으로 사용하는 수장 공간이 있다. 행랑채는 방 2칸과 흙바닥의 헛간으로 평면을 구성하고 있으며, 방의 전면과 측면은 툇마루(방이나 마루 바깥에 붙여 꾸민 좁은 마루)로 둘러싸여 있다. 마구간은 본채 처마 아래에서 튀어나와 내림 지붕을 하고 있다. 강릉 함 씨의 21대 후손이 살고 있으며, 19세기 중엽에 건축되었다."
2724982,12,화진포해수욕장,2.02107E+13,2.02504E+13,,,"<a href=""http://hwajinpobeach.co.kr/about/"" target=""_blank"" title=""새창 : 화진포해수욕장 홈페이지로 이동"">http://hwajinpobeach.co.kr</a>",http://tong.visitkorea.or.kr/cms/resource/97/3006797_image2_1.jpg,http://tong.visitkorea.or.kr/cms/resource/97/3006797_image3_1.jpg,Type3,32,2,51,820,NA,NA02,NA020900,A01,A0101,A01011200,강원특별자치도 고성군 현내면 화진포길 386,,24710,128.4361968,38.48226367,6,"1973년 개장된 화진포해변은 수만 년 동안 조개껍질과 바위가 부서져 만들어진 모나지 성분의 모래로 구성된 백사장이 펼쳐져 있는 곳으로 모래를 밟으면 소리가 나고 개미가 살지 않는 것이 특징이다. 해변의 길이는 1.7㎞, 넓이 약 70m, 수심 1~1.5m이며, 완만한 백사장과 맑은 바닷물, 얕은 수심으로 많은 관광객들이 찾고 있다. 기암괴석이 신비의 극치를 이루고 있으며 광활한 화진포 호수에 울창한 송림이 병풍처럼 둘러싸인 자연 풍광이 수려한 해변으로 김일성 별장, 이승만 초대 대통령 별장, 이기붕 별장, 화진포 해양 박물관이 있으며, 동해에 한가로이 떠 있는 갈매기와 금구도의 대나무 숲 풍경은 천하의 절경이다. 1990년 11월 24일 국민관광지로 지정되었고 조성계획이 수립되어 주차장과 진입로 확장포장, 화장실 등 기반 시설 등을 갖추고 있다."
2727232,28,봉수대오토캠핑장,2.02107E+13,2.02509E+13,,,"<a href=""http://www.bongsucamp.com/g5/"" target=""_blank"" title=""새창 : 봉수대오토캠핑장 홈페이지로 이동"">http://www.bongsucamp.com/g5/</a>",http://tong.visitkorea.or.kr/cms/resource/15/2727215_image2_1.jpg,http://tong.visitkorea.or.kr/cms/resource/15/2727215_image2_1.jpg,Type3,32,2,51,820,AC,AC05,AC050200,A03,A0302,A03021700,강원특별자치도 고성군 죽왕면 봉수대길 10-22,,24747,128.5264213,38.32425054,6,"봉수대오토캠핑장은 강원도 고성군 죽왕면에 있다. 동해고속도로 속초 IC에서 오호초등학교 방면으로 15분가량 달리면 도착한다. 이곳은 오랫동안 군사시설보호구역이었다가 해제되어 비교적 훼손되지 않은 청정해변으로 유명한 봉수대해수욕장에 있다. 여름이면 해수욕과 해양레포츠까지 즐길 수 있다. 오토캠핑장은 84면이며 주차 공간, 전기시설, 목조테이블을 제공한다. 넓은 부지에 사이트가 많지만 곳곳에 6개의 개수대가 자리잡고 있어서 어느 장소에서든 접근하기 쉽다. 화장실과 샤워장도 남녀 각각 2곳씩 총 4곳이다. 10대의 캐러밴은 모두 봉수대해수욕장을 조망할 수 있게 배치했다. 외부에는 바비큐가 가능한 목조테이블과 의자를 갖췄다. 내부에는 침대, 냉난방기, 개수대, 냉장고, TV, 취사도구, 식기류, 화장실, 샤워실이 있다."
2729401,28,백도해수욕장오토캠핑장,2.02108E+13,2.02509E+13,,,"<a href=""http://www.baekdo.co.kr/"" target=""_blank"" title=""새창 : 고성군 공공캠핑장 예약 홈페이지로 이동"">http://www.baekdo.co.kr/</a>",http://tong.visitkorea.or.kr/cms/resource/32/2729232_image2_1.JPG,http://tong.visitkorea.or.kr/cms/resource/32/2729232_image2_1.JPG,Type3,32,2,51,820,AC,AC05,AC050200,A03,A0302,A03021700,강원특별자치도 고성군 죽왕면 문암항길 133,,24752,128.5457592,38.30166744,6,"속초와 간성 중간쯤에 백도해수욕장이 있는데 백도 오토캠핑장은 이곳 백도해수욕장 해변에 자리 잡고 있는 공영 캠핑장으로 바다를 조망하는 해변 캠핑장으로 유명하다. 해수욕장 아래쪽에 하얀 바위섬이 있는데 백도라는 이름은 여기에서 연유한다. 해변 위 쪽은 그림처럼 작지만 아름다운 백도항이 있고 아래쪽은 문암항과 문암해변으로 연결된다. 뒤로 설악산 줄기가 실루엣처럼 드리워져 있고 소나무 숲이 울창해 운치가 있다. 활처럼 휜 백사장과 얕은 경사가 해수욕하기에 안성맞춤이다. 최근에는 이곳에서도 서핑을 즐기는 사람들이 많다. 캠핑장에서 멀지 않은 곳에 천학정, 청간정, 세계잼버리장, 화암사, 송지호 등이 있다."
2729960,28,청간정카라반,2.02108E+13,2.02509E+13,,,"<a href=""http://www.rptkorea.co.kr/main/index.html""target=""_blank"" title=""새창 : 알티피코리아 홈페이지로 이동"">http://www.rptkorea.co.kr/main/</a>",http://tong.visitkorea.or.kr/cms/resource/21/2729921_image2_1.jpg,http://tong.visitkorea.or.kr/cms/resource/21/2729921_image3_1.jpg,Type3,32,2,51,820,AC,AC05,AC050300,A03,A0302,A03021700,강원특별자치도 고성군 토성면 중앙로 642-22,,24766,128.5740557,38.24087785,6,"청간정 콘도 카라반 캠핑장은 강원도 고성군 토성면에 위치해 있다 15대의 캐러밴 모두 동해를 한눈에 담을 수 있게 배치했다. 카라반 창을 통해 24시간 출렁이는 바다를 감상할 수 있고 일출과 일몰시 백사장 산책이 가능하지만 수영금지구역이다. 카라반 외부는 전용 데크가 있으며 바비큐 시설과 파라솔, 테이블, 의자가 준비돼있다. 내부에는 침대, 냉난방기, 개수대, 냉장고, TV, 취사도구, 식기류, 화장실, 샤워실이 있어 불편함이 없다. 관리소에서 바비큐에 필요한 그릴 등을 대여해 주고 있으며 식품과 잡화를 취급하는 매점이 있지만 육군에서 운영하고 있어 민간인 이용은 제한된다."
2734062,28,티피캠핑장,2.02108E+13,2.02509E+13,,,"<a href=""https://cafe.naver.com/teepee"" target=""_blank"" title=""새창 : 티피캠핑장 네이버카페로 이동"">https://cafe.naver.com/teepee</a>",http://tong.visitkorea.or.kr/cms/resource/68/2734168_image2_1.JPG,http://tong.visitkorea.or.kr/cms/resource/68/2734168_image2_1.JPG,Type3,32,2,51,820,AC,AC05,AC050100,A03,A0302,A03021700,강원특별자치도 고성군 죽왕면 괘진길 54,,24752,128.5488313,38.29594872,6,"고성 문암해변에 있는 티피캠핑장은 문암항, 문암해변, 능파대에 둘러싸여 3면이 바다인 바다가 가장 가까운 캠핑장이다. 캠핑장 앞에 바다와 산이 보이는 능파대가 있어 눈과 마음이 시원해진다. 이곳은 10월부터 4월까지 캠핑카 또는 트레일러 장박이 가능하며 부대시설로 편의점이 있어 간단한 물품 구매가 가능하고 카페도 있어 커피를 마시며 캠핑을 즐길 수 있다는 장점이 있다."
2734070,28,수목화송정마을오토캠핑장,2.02108E+13,2.02509E+13,,,"<a href=""http://www.sjmaeul.co.kr/"" target=""_blank"" title=""새창 : 송정말을 수목화펜션&오토캠핑장 홈페이지로 이동"">http://www.sjmaeul.co.kr/</a>",http://tong.visitkorea.or.kr/cms/resource/86/2734786_image2_1.JPG,http://tong.visitkorea.or.kr/cms/resource/86/2734786_image2_1.JPG,Type3,32,2,51,820,AC,AC05,AC050200,A03,A0302,A03021700,강원특별자치도 고성군 거진읍 건봉사로 1503-1,,24709,128.4224827,38.44124875,6,"백두대간 최북단 송정리 수목화마을에 위치한 수목화 송정마을 오토캠핑장은, 노루목 저수지에서 거진항까지 연결된 폭 170m 자산천이 흐르고 있다. 마을체험시설과 향토음식체험장도 함께 운영하고 있다. 독일 한스자이델재단과 협력사업 체결로 조성된 독일 바이로이트군 우호교류협력체결기념 소공원과 생태탐방로가 있다. 마을 앞산, 냉정골 생태탐방로에는 천연약수터가 있으며 정상에서는 동해바다와 금강산 해금강, 말무리반도를 한눈에 조망할 수 있다. 주변에는 전국 4대 사찰인 건봉사, 거진항이 있다."
2735355,12,거진등대해맞이공원,2.02108E+13,2.02508E+13,,,"<a href=""https://www.gwgs.go.kr/tour/index.do"" target=""_blank"" title=""새창 : 고성군 문화관광 홈페이지로 이동"">www.gwgs.go.kr/tour/</a>",http://tong.visitkorea.or.kr/cms/resource/93/3515893_image2_1.jpg,http://tong.visitkorea.or.kr/cms/resource/93/3515893_image3_1.jpg,Type1,32,2,51,820,VE,VE03,VE030100,A02,A0202,A02020700,강원특별자치도 고성군 거진읍 거탄진로209번길 19,,24712,128.4644147,38.44896533,6,"강원도 고성군 거진읍 거진항이 내려다보이는 절벽 위에 하얗고 우뚝 솟은 거진등대는 예전에는 유인 등대였지만 현재는 대진등대에서 관할하면서 체육공원과 해맞이 공원으로 새롭게 거듭났다. 등대 주변으로 각종 체육 시설, 산책로, 해안 자전거도로, 벤치와 전망대 등이 설치되어 있어 주민들과 이곳을 지나는 관광객들이 산책 겸 휴식을 취하기 위하여 자주 드나들고 있다. 소나무 숲이 길게 이어진 계단으로 된 산책로를 따라 쭉 올라가다 보면 끄트머리에 전망대가 있어 연인들의 데이트코스로도 인기가 있으며 아침에 이곳에 바라보는 일출 또한 장관이다."
2735605,12,천진항,2.02108E+13,2.02508E+13,,,"<a href=""https://www.gwgs.go.kr/tour/index.do#"" target=""_blank"" title=""새창 : 고성 문화관광 홈페이지로 이동"">https://www.gwgs.go.kr/tour/</a>",http://tong.visitkorea.or.kr/cms/resource/70/3517270_image2_1.jpg,http://tong.visitkorea.or.kr/cms/resource/70/3517270_image3_1.jpg,Type1,32,2,51,820,NA,NA02,NA020700,A01,A0101,A01011400,강원특별자치도 고성군 토성면 천진해변길 46,,24764,128.5607035,38.26061695,6,"천진항은 강원특별자치도 고성군 토성면 천진리에 있는 어항이다. 1972년 5월 4일 지방어항으로 지정하여 관리하고 있다 천진항과 항구와 해수욕장이 붙어있는 것이 특징이다. 방파제에서는 바다낚시를 즐길 수 있으며, 천진항에서는 싱싱한 활어회를 싼값에 맛 볼수 있다. 천진항은 어선들이 정박하는 어항이라기보다는 해수욕장과 관광객을 위한 배들이 정박하는 작은 항구라 할 수 있다. 이 곳은 스킨스쿠버를 즐기는 사람들이 많이 방문한다."
2745718,28,명파해변오토캠핑장,2.02109E+13,2.02509E+13,,,"<a href=""https://myeongpa.com"" target=""_blank"" title=""새창 : 명파 아트호텔 및 오토캠핑장 홈페이지로 이동"">https://myeongpa.com</a>",http://tong.visitkorea.or.kr/cms/resource/72/2746472_image2_1.JPG,http://tong.visitkorea.or.kr/cms/resource/72/2746472_image3_1.JPG,Type3,32,2,51,820,AC,AC05,AC050200,A03,A0302,A03021700,강원특별자치도 고성군 현내면 명파4길 47,,24701,128.4053921,38.54348925,6,"명파 해변 오토캠핑장은 동해안 최북단에 위치해 있는 명파해수욕장에 조성되어 있다. 해수욕장 주차장 앞쪽으로 관리사무소 1동, 야영 데크 21개면, 돔하우스 5동이 조성되어 있다. 그러나 이곳은 군 통제지역으로 철조망이 설치되어 있기 때문에 캠핑장에서 해변으로 바로 나갈 수는 없다. 군에서 개방하는 시간에만 해변을 이용할 수 있는데 여름철에는 오전 7시부터 늦은 밤까지 개방하고 있어 해변 이용에 큰 불편은 없다. 참고로 명파해변은 주변의 기암괴석과 500m 길이의 고운 백사장이 어우러져 가족단위 피서지로 각광을 받고 있다. 그러나 지리적인 특징 때문에 찾는 사람들이 적은 편이어서 한적하게 즐길 수 있다. 또한 해수욕장 옆에는 은어와 연어의 산란지로 유명한 명파천이 흐르고 있다."
2747957,28,강원평화누리길 16코스 고성 울산바위비경길,2.02109E+13,2.02508E+13,,,,http://tong.visitkorea.or.kr/cms/resource/78/2747978_image2_1.jpg,http://tong.visitkorea.or.kr/cms/resource/78/2747978_image3_1.jpg,Type3,32,2,51,820,LS,LS01,LS011900,A03,A0302,A03022700,강원특별자치도 고성군 토성면 잼버리로 244,미시령옛길~청간정,24766,128.4965994,38.22288122,6,"강원평화누리길은 북한과 맞닿아 있는 서해안 강화도에서 동해안 고성까지의 접경지역을 동서로 연결하는 트래킹, 자전거길이다. 특히 강원도 평화누리길은 철원, 화천, 양구, 인제, 고성을 관통하며 총 361.2km, 20개 코스가 조성되어 있다. 분단의 역사와 아름다운 자연이 이어지는 길을 느끼고 싶다면 평화누리길을 추천한다. 강원평화누리길 16코스 고성 울산바위비경길은 미시령 옛길부터 청간정까지 농촌의 드넓은 들판과 나무숲길을 걸을 수 있는 코스로 청정고성을 느낄 수 있다. 특히 미시령 정상에서 내려오며 마주하는 울산바위의 풍광은 그야말로 장관이다. 미시령옛길~울산바위전망대~강원도 세계 잼버리수련원~청간정이 정식 코스이다."
2748089,28,[화진포 둘레길] 제3 코스,2.02109E+13,2.02503E+13,,,"<a href=""https://www.gwgs.go.kr/prog/tursmCn/tour/sub02_12/view.do?cntno=108""target=""_blank"" title=""새창: 고성군청 홈페이지로 이동"">https://www.gwgs.go.kr/</a>",http://tong.visitkorea.or.kr/cms/resource/88/2653288_image2_1.jpg,http://tong.visitkorea.or.kr/cms/resource/88/2653288_image3_1.jpg,Type3,32,2,51,820,LS,LS01,LS011900,A03,A0302,A03022700,강원특별자치도 고성군 간성읍 고성중앙길 9,,24735,128.467886,38.38067337,6,"강원평화누리길은 북한과 맞닿아 있는 서해안 강화도에서 동해안 고성까지의 접경지역을 동서로 연결하는 트래킹, 자전거길이다. 특히 강원도 평화누리길은 철원, 화천, 양구, 인제, 고성을 관통하며 총 연장 361.2km, 20개 코스가 조성되어 있다. 넓은 갈대밭위에 수천마리의 철새와 고니가 날아들고 울창한 송림으로 둘러싸여 주변경관이 빼어나 예로부터 주변에 유명한 별장들이 많았던 곳이다. 분단의 역사와 아름다운 자연이 이어지는 길을 느끼고 싶다면 평화누리길을 추천한다."
2753110,28,꽃내라팜,2.0211E+13,2.02507E+13,,,"<a href=""http://www.xn--js0bj1a22mi24a.kr/"" target=""_blank"" title=""새창 : 꽃내라팜 사이트로 이동"">http://www.꽃내라팜.kr</a>",http://tong.visitkorea.or.kr/cms/resource/23/2752923_image2_1.JPG,http://tong.visitkorea.or.kr/cms/resource/23/2752923_image3_1.JPG,Type3,32,2,51,820,AC,AC05,AC050100,A03,A0302,A03021700,강원특별자치도 고성군 간성읍 꽃내마루길 75,,24740,128.427224,38.34937068,6,"강원도 고성에 위치한 꽃내라팜은 드넓은 부지에, 라벤더와 아로니아를 비롯 다양한 식물들을 재배하고, 아기자기한 동물원까지 갖춘 교육형 캠핑장이다. 사계절 다양한 체험 프로그램들을 진행하고 있어, 자녀들과 방문하기 좋다. 가을에는 보랏빛으로 펼쳐지는 이국적인 라벤더 재배지는 향기롭고 사진 찍기도 좋아 인기가 많다. 차로 20분 이내에 속초 시내로 나가면 바다에서 해수욕을 즐길 수 있고, 속초 시장에서 먹거리를 마련하기도 용이하다. 잔디밭에 오토캠핑장과 소나무 숲에 계곡을 끼고 있는 캠핑장이 있고, 민박도 함께 운영하고 있어 선택의 폭이 넓다."
2774697,12,오호항,2.02111E+13,2.02508E+13,,,,http://tong.visitkorea.or.kr/cms/resource/67/3516867_image2_1.jpg,http://tong.visitkorea.or.kr/cms/resource/67/3516867_image3_1.jpg,Type1,32,2,51,820,NA,NA02,NA020700,A01,A0101,A01011400,강원특별자치도 고성군 죽왕면 오호리 29-46,,24747,128.5288599,38.3260726,6,"고성군 죽왕면 오호리에 있는 어항으로 봉수대해수욕장 옆에 위치해 있다. 체험낚시로 유명한 곳이라 넓은 주차장과 가족낚시 체험 상가들이 많다. 작고 아담한 항구지만 좌우로 송지호해수욕장과 봉수대해수욕장이 있어 항구에서 바라보는 경치가 아름답다. 오호 방파제 쪽은 낚시를 즐기는 사람들이 많지만 오호항 주변의 등대 길은 가족이나 연인끼리 걸어볼 만한 고성 명소로 꼽힌다. 항구 북쪽 하얀 등대 너머 해변 갯바위 지역은 군사지역으로 지정되어 출입 가능 시간이 정해져 있는데 산책로 및 등대 전망대, 서낭바위 해변으로 연결된다."
2782478,28,[해파랑길] 49코스,2.02111E+13,2.02507E+13,,,"<a href=""https://www.durunubi.kr/course-detail-view.do?crs_idx=T_CRS_MNG0000004217"" target=""_blank"" title=""새창 : 두루누비 홈페이지로 이동"">https://www.durunubi.kr/</a>",http://tong.visitkorea.or.kr/cms/resource/02/2786602_image2_1.jpg,http://tong.visitkorea.or.kr/cms/resource/02/2786602_image2_1.jpg,Type3,32,2,51,820,LS,LS01,LS011900,A03,A0302,A03022700,강원특별자치도 고성군 거진읍 거탄진로 194,,24713,128.4612761,38.44921802,6,"해파랑길 49코스는 거진항에서 출발해 김일성별장, 금강산콘도를 지나 통일전망대 출입신고소에 이르는 길이며, 산과 호수, 바다를 감상하며 걷기 때문에 고성 지역의 지리적, 역사적 특성을 골고루 갖추고 있다. 거진항에서 계단을 오르면 거진 해맞이봉 산림욕장이 나오고 이곳부터 화진포 소나무 숲을 거쳐 김일성 별장에 이루는 구간은 숲길로 이어진다. 특히 아름드리 소나무가 장관을 이루며 솔향기 맡으며 힐링할 수 있는 멋스러운 길이다. 이어서 나오는 화진포는 아름다운 해변과 석호, 철새 도래지로 유명한 곳이다. 바다와는 다른 호수의 또 다른 매력을 느낄 수 있다. 특히 화진포 성 김일성 별장을 비롯해서 이승만 별장과 이기붕 별장이 자리하고 있는데, 역사의 의미를 되새기는 이색적인 경험도 하게 된다. 성게로 유명한 초도항을 지나 초도해변부터 다시 철책을 따라 길이 이어진다. 출입을 막는 철책 사이로 보이는 바다와 기암들이 눈길을 사로잡는다."
2782486,28,[해파랑길] 48코스,2.02111E+13,2.02507E+13,,,"<a href=""https://www.durunubi.kr/course-detail-view.do?crs_idx=T_CRS_MNG0000004216"" target=""_blank"" title=""새창 : 해파랑길48코스 사이트로 이동"">https://www.durunubi.kr/</a>",http://tong.visitkorea.or.kr/cms/resource/87/2786587_image2_1.jpg,http://tong.visitkorea.or.kr/cms/resource/87/2786587_image3_1.jpg,Type3,32,2,51,820,LS,LS01,LS011900,A03,A0302,A03022700,강원특별자치도 고성군 죽왕면 가진해변길 121-21,,24744,128.5120796,38.36839233,6,"해파랑길 48코스는 가진항을 시작으로 항목리, 동호리, 울창한 송림을 따라 반암해변과 거진해변을 거쳐 거진항 활어회센터에 이르는 코스다. 가진항을 벗어나 바닷가 옆으로 난 포장도로를 따라 항목리까지 걷다 남천의 상류 방향으로 올라가 남천교를 건넌 후 다시 남천을 따라 바닷가 방향으로 걷는다. 바닷가에 이르면 송림이 펼쳐진 비포장도로를 걸어 올라간다. 특히 해파랑길 중에서 조용하고 한적한 바다와 농촌의 풍경을 즐길 수 있는 여유로운 길이다. 바닷가 송림을 따라 끝없이 이어진 길을 걷다 보면 반암리 마을을 지나, 반암해변에 이르게 된다. 반암해변부터 거진항까지는 군인들이 이용하는 바닷가 철책을 따라 걷게 된다. 마지막 지점인 거진항은 고성에서는 가장 큰 규모의 항구로 도루묵, 문어, 광어, 전복, 해삼, 멍게 등이 많이 잡히는 곳이다. 해파랑길 48코스는 특별한 볼거리는 많지 않지만, 자연 그대로의 풍경을 감상할 수 있고, 바다와 항구, 어촌의 조화로운 아름다움만으로도 충분히 걸을 만하다."
2782509,28,[해파랑길] 47코스,2.02111E+13,2.02508E+13,,,"<a href=""https://www.durunubi.kr/course-detail-view.do?crs_idx=T_CRS_MNG0000004215"" target=""_blank"" title=""새창 : 두루누비 홈페이지로 이동"">https://www.durunubi.kr</a>",http://tong.visitkorea.or.kr/cms/resource/74/2786574_image2_1.jpg,http://tong.visitkorea.or.kr/cms/resource/74/2786574_image2_1.jpg,Type3,32,2,51,820,LS,LS01,LS011900,A03,A0302,A03022700,강원특별자치도 고성군 죽왕면 삼포해변길 15-4,삼포해변~가진항,24750,128.5324515,38.31721259,6,"해파랑길 47코스는 삼포해변에서 가진항까지 걷는 코스다. 삼포해변을 시작으로 봉수대가 있는 봉수대해변, 오호항과 송지호해변을 지나 송지호, 왕곡마을, 공현진항을 거쳐 가진항에 이르는 9.7㎞ 구간이다. 해안 길로 다른 코스에 비해 비교적 짧고 평탄하다. 짧은 코스이기 때문에 쉽게 지나칠 수 있지만, 볼거리도 많고 체험할 것이 많은 구간이다. 넓은 바다가 계속 이어져 걷는 동안 마음을 편안하게 만들어준다. 특히 오호항의 서낭바위와 송지호해변의 죽도의 풍경을 추천한다. 이 모든 것을 송지호 철새관망타워에서 한눈에 바라볼 수 있다. 송지호 산책로를 따라 조금 더 걷다 보면 고성 왕곡마을이 나오는데, 바다와 한옥의 조화로움이 고즈넉한 아름다움을 연출한다. 이곳에서는 체험할 것이 많은데, 포토존까지 겸비하고 있어 재미있는 추억을 만들기에 충분하다. 민박도 가능해서 47코스에서 숙박을 할 예정이라면 왕곡마을을 추천한다. 옵바위로 유명한 공현진 해변은 마치 태평양의 유명 휴양지에 와 있는 물빛을 자랑한다. 이곳부터 가진항까지는 바닷가로 철책이 가로막힌 길을 따라 걷는다. 코스가 끝나갈 때 즈음 맛있는 냄새가 풍기는 곳은 가진항이다. 특히 물회가 맛있다고 하니 꼭 즐겨보길 바란다."
2782584,39,백촌막국수,2.02111E+13,2.02509E+13,,,,http://tong.visitkorea.or.kr/cms/resource/23/2786523_image2_1.jpg,http://tong.visitkorea.or.kr/cms/resource/23/2786523_image3_1.jpg,Type3,32,2,51,820,FD,FD01,FD010100,A05,A0502,A05020100,강원특별자치도 고성군 토성면 백촌1길 10,,24754,128.5419737,38.29304892,6,"농촌 분위기가 느껴지는 토성면 백촌리에 백촌막국수가 있다. 막국수는 강원도의 대표적인 음식 중 하나로 여러 막국수 집이 있지만, 백촌막국수는 고성에서도 단연 인기 많은 막국수집이다. 이곳의 막국수는 명태무침이 나오는 것이 특징으로, 명태무침을 잊지 못해 다시 찾는 손님들이 많다. 동치미 막국수와 함흥냉면의 맛이 어우러져 시원한 조화를 이룬다. 메밀막국수에 동치미국물을 넣고, 황태무침과 참기름, 식초, 설탕, 겨자, 다진 양념 등을 취향에 맞게 넣어 먹는다. 면도 다른 것이 섞이지 않은 메밀 특유의 향이 살아 있는 맛과 식감이다. 시원하고 부드러운 맛을 좋아한다면 식초와 다진 양념을 덜 넣으면 본연의 맛을 즐길 수 있다. 수육도 인기가 좋다. 메밀의 고소함과 동치미의 시원한 맛을 즐기고, 백촌막국수 인근의 문암해변에서 바다를 산책해도 좋다."
2782901,12,백섬해상전망대,2.02111E+13,2.02503E+13,,,"<a href=""https://www.gwgs.go.kr/prog/tursmCn/tour/sub02_12/view.do?cntno=128"" target=""_blank"" title=""새창 : 고성군 문화관광 홈페이지로 이동"">https://www.gwgs.go.kr/tour/</a>",http://tong.visitkorea.or.kr/cms/resource/78/2793078_image2_1.jpg,http://tong.visitkorea.or.kr/cms/resource/78/2793078_image3_1.jpg,Type3,32,2,51,820,VE,VE01,VE010200,A02,A0205,A02050600,강원특별자치도 고성군 거진읍 거진리,,24712,128.4536129,38.44872626,6,"백섬해상전망대는 거진 뒷장에 위치한 백섬과 해안도로를 연결하는 해상데크로, 길이 137m, 폭 2.5m, 높이 4~25m 규모이다. 이 전망대는 ‘거진항 어촌관광체험마을 조성사업’의 일환으로 2019년 3월부터 2020년 10월에 걸쳐 조성하였으며, 2020년 10월 30일 관광객에게 개방되었다. 아름다운 동해바다 위를 걸으며 북쪽으로는 해금강과 금구도를 조망할 수 있으며, 남쪽으로는 거진항구와 거진11리 해변이 펼쳐져 장관을 이룬다. 높이 25m의 전망대에는 투명한 강화유리 바닥이 조성되어 있어, 그 위를 걸으면 아찔한 스릴감을 느낄 수 있다."
2782917,39,글라스하우스,2.02111E+13,2.02507E+13,,,"<a href=""https://www.instagram.com/glasshaus.official/"" target=""_blank"" title=""새창 : 글라스하우스 인스타그램으로 이동"">https://www.instagram.com/glasshaus.official</a>",http://tong.visitkorea.or.kr/cms/resource/71/2793071_image2_1.jpg,http://tong.visitkorea.or.kr/cms/resource/71/2793071_image3_1.jpg,Type3,32,2,51,820,FD,FD05,FD050100,A05,A0502,A05020900,강원특별자치도 고성군 토성면 천진해변길 43,,24764,128.5598869,38.26067249,6,"강원도 고성 천진해수욕장 바로 앞에 위치한 서핑 포인트에 있는 카페이다. 2016년에 문을 열었다. 서퍼들이 큰 파도(barrel) 속을 뚫고 나오며 그 속이 유리집 같다고 하여 사용하는 서핑 용어 ‘glass house’에서 카페 이름을 따 붙였다. 매장에는 따로 주차 공간이 마련되어 있진 않지만, 매장 부근 해수욕장 주차장을 이용할 수 있다. 커피와 차, 음료, 맥주 등을 판매하고 있다. 룩북이나 TV 광고 촬영 등을 위해 카페와 야외를 대관하며, 사전 예약이 필요하다. 패션 관련 일을 하던 카페 대표가 여러 여행지에서 모은 다양한 감각적인 소품들을 볼 수 있는 쇼룸 공간도 있다."
2791407,14,화진포해양박물관,2.02112E+13,2.02503E+13,,,"<a href=""https://www.gwgs.go.kr/prog/tursmCn/tour/sub02_05/view.do?cntno=54"" target=""_blank"" title=""새창 : 화진포해양박물관 사이트로 이동"">https://www.gwgs.go.kr</a>",http://tong.visitkorea.or.kr/cms/resource/79/2792779_image2_1.jpg,http://tong.visitkorea.or.kr/cms/resource/79/2792779_image3_1.jpg,Type3,32,2,51,820,VE,VE07,VE070100,A02,A0206,A02060100,강원특별자치도 고성군 현내면 화진포길 412,,24706,128.4357413,38.48145265,6,"화진포 관광지구 내에 위치한 해양박물관으로 세계적으로 희귀한 각종 조개류, 갑각류, 산호류, 화석류, 박제 등 다양한 수중생물들을 볼 수 있는 패류박물관과 어류전시관으로 구성되어 있다. 1층은 어류전시관으로 180도 머리 위를 지나는 물고기들을 관람할 수 있고, 2층은 오션 비치, 동해 바다, 무척추 동물관과 입체영상관을 볼 수 있다. 특히 2층에서 상영하는 입체 영상을 통해 화진포의 호수와 바닷속 생태계를 공부할 수 있다. 고성군의 명물인 명태를 비롯해 동해 바다 돌고래, 고성 대진항, 거진항 어부들의 고기잡이 과정도 살펴볼 수 있다."
2807083,39,에이프레임,2.02202E+13,2.02506E+13,,,"<a href=""https://www.instagram.com/aframe_cafe"" target=""_blank"" title=""새창: 에이프레임 로 이동"">https://www.instagram.com/aframe_cafe</a>",http://tong.visitkorea.or.kr/cms/resource/71/2689471_image2_1.jpg,http://tong.visitkorea.or.kr/cms/resource/71/2689471_image3_1.jpg,Type3,32,2,51,820,FD,FD05,FD050100,A05,A0502,A05020900,강원특별자치도 고성군 죽왕면 가향길 20-1,,24744,128.5049494,38.37564135,6,"고성 가진해수욕장 근처에 위치한 에이프레임은 3층 규모의 카페로 시원한 바다 풍경을 보며 커피를 마실 수 있는 곳이다. 실내에는 서프보드로 장식된 계단식 좌석이 이목을 끌며, 커피 한 잔 마시며 실내 통유리로 풍경 감상도 할 수 있고 루프탑이 있어 해변 물멍하기에도 좋다."
2837878,39,스위밍터틀,2.02208E+13,2.02509E+13,,,"<a href=""https://www.instagram.com/swimming.turtle.cafe""target=""_blank"" title=""새창 : 스위밍터틀 인스타그램으로 이동"">https://www.instagram.com/swimming.turtle.cafe</a>",http://tong.visitkorea.or.kr/cms/resource/74/2837874_image2_1.JPG,http://tong.visitkorea.or.kr/cms/resource/74/2837874_image3_1.JPG,Type3,32,2,51,820,FD,FD05,FD050100,A05,A0502,A05020900,강원특별자치도 고성군 토성면 아야진해변길 192,,24756,128.5531619,38.27976735,6,"스위밍터틀은 고성 아야진 해변에 있는 오션뷰 루프탑 카페다. 계단식 좌석 배치로 모든 좌석에서 바다를 볼 수 있다. 큰 통창으로 바라보는 푸른 바다가 인상적인 스위밍터틀은 사진도 잘 나오는 곳으로 유명해서 인기가 많다. 1층에서 주문하고 2층과 3층 루프탑에서 바다와 커피를 즐길 수 있다. 롱블랙, 아메리카노, 플랫화이트, 홍차 머스켓 티, 사과주스 등 다양한 음료가 마련돼 있고 여름 휴가철에는 테이크아웃으로 주문 시 추가 얼음을 서비스로 제공한다. 인근에 아야진항구, 백도해수욕장, 봉포해수욕장 등이 있다."
2837896,39,아야트커피,2.02208E+13,2.02509E+13,,,"<a href=""https://www.instagram.com/ayatt_coffee/#"" target=""_blank"" title=""새창 : 아야트커피 인스타그램으로 이동"">https://www.instagram.com/ayatt_coffee/#</a>",http://tong.visitkorea.or.kr/cms/resource/92/2837892_image2_1.JPG,http://tong.visitkorea.or.kr/cms/resource/92/2837892_image3_1.JPG,Type3,32,2,51,820,FD,FD05,FD050100,A05,A0502,A05020900,강원특별자치도 고성군 아야진해변길 137,,24756,128.5535065,38.27489293,6,"아야트커피는 고성 아야진 해수욕장 끝자락에 자리 잡은 카페이다. 전면 통창으로 고성 앞바다를 볼 수 있다. 카페는 건물의 2층에 위치하고 실내와 외부 발코니로 나뉘어 있다. 5층 옥상에도 테이블이 마련되어 있어 더욱 높은 곳에서 바다와 해수욕장을 감상할 수 있다. 건물 구조가 바다 뷰와 잘 어울려서 사진 찍기 좋고 반려동물의 입장이 가능하다. 대표 메뉴인 흑임자 커피를 비롯한 자몽레몬 모히또, 백향과 에이드, 크로플, 바질치킨 파니니, 바질리코타 오픈샌드위치, 초코무스 케이크 등 다양한 메뉴를 갖추고 있다. 인근에 청간해변, 아야진항구, 청간정해슈욕장 등이 있다."
2839753,39,온더버튼,2.02208E+13,2.02509E+13,,,"<a href=""https://www.instagram.com/on_the_button/#"" target=""_blank"" title=""새창 : 온더버튼 인스타그램으로 이동"">https://www.instagram.com/on_the_button/#</a>",http://tong.visitkorea.or.kr/cms/resource/47/2839747_image2_1.JPG,http://tong.visitkorea.or.kr/cms/resource/47/2839747_image3_1.JPG,Type3,32,2,51,820,FD,FD05,FD050100,A05,A0502,A05020900,강원특별자치도 고성군 괘진길 53-7,,24752,128.5478952,38.29635976,6,"고성 문암해변에 있는 뷰 맛집 카페이다. 카페 정면은 커다란 통창으로 문암해변이 한눈에 내려다보인다. 카페 뒤쪽에 주차장이 있어 주차된 차로 해변 뷰를 가리는 일은 없다. 분위기 있는 인테리어와 공간 구성으로 카페 곳곳은 인생샷 찍는 포토존으로 유명하다. 카페에서 음료는 다회용컵(리유저블컵)에 제공되고 테이크아웃이나 실내에서 마시다가 밖으로 나갈 경우 요청하면 컵 뚜껑을 받아서 이용할 수 있다. 카페 2층은 루프탑으로 아이들은 안전상의 이유로 이용을 제한하고 있다. 라떼베르데, 썸머라떼, 마롱라데, 아메리카노, 라떼, 아인슈페너 등 다양한 메뉴를 갖추고 있고 인근에 천학정, 백도해수욕장, 교암리해수욕장 등이 있다."
2874301,39,동해반점,2.0221E+13,2.02509E+13,,,,http://tong.visitkorea.or.kr/cms/resource/86/2874286_image2_1.jpg,http://tong.visitkorea.or.kr/cms/resource/86/2874286_image3_1.jpg,Type3,32,2,51,820,FD,FD01,FD010100,A05,A0502,A05020100,강원특별자치도 고성군 현내면 한나루로 52,,24706,128.4286777,38.49327613,6,"동해반점은 강원도 고성군에 있는 중화요리 식당이다. 대한민국 최북단에 위치한 식당으로 주변 경관이 좋아 인기가 많다. 대표 메뉴는 중화 비빔면과 중화 비빔밥으로 갖은 해물과 채소를 넣은 것을 볶음면과 비슷하지만 동해반점만의 특별한 맛은 흉내 낼 수 없다. 차돌짬뽕, 짜장면, 짬뽕, 잡채밥, 간짜장, 쟁반짜장, 짬뽕밥도 인기다. 주차는 매장 앞이나 주변 도로, 혹은 교육지원청 무료 주차장을 이용할 수 있다."
2874315,39,만성횟집,2.0221E+13,2.02505E+13,,,,http://tong.visitkorea.or.kr/cms/resource/74/2895174_image2_1.png,http://tong.visitkorea.or.kr/cms/resource/74/2895174_image3_1.png,Type3,32,2,51,820,FD,FD01,FD010100,A05,A0502,A05020100,강원특별자치도 고성군 심층수길 33 만성횟집,,24747,128.5277544,38.32738909,6,"만성횟집은 강원도 고성군 송지호 해수욕장 안에 있는 횟집이다. 주인장의 배 이름 “만성호” 이름을 따서 만성횟집으로 지었다. 가족끼리 장사를 하여 친절하고 모든 음식을 푸짐하게 담아내려 노력한다. 모든 메뉴는 자연산 회를 주재료로 쓰고 있으며 대표 메뉴는 회, 물회, 매운탕이 코스처럼 나오는 세트 메뉴이다. 10여 가지가 넘는 반찬에 정성을 담았고 세꼬시를 비롯한 제철 회와 물회도 싱싱하다. 특히 시원하고 칼칼한 매운탕은 양도 푸짐하고 맛도 좋아서 모두 만족한다. 한 끼 식사로는 회가 푸짐하게 들어있는 회덮밥도 추천할 만하다. 가성비 좋은 맛집으로 근처에 송지호해수욕장, 송지호 둘레길과 호수가 있어 여행길에 들러 보는 것도 좋다. 주차는 매장 뒤쪽에 무료로 할 수 있다."
2907911,28,명파리해변야영장,2.02211E+13,2.02509E+13,,,"<a href=""https://www.myeongpa.com/"" target=""_blank"" title=""새창 : 명파아트호텔 및 오토캠핑장 홈페이지로 이동"">https://www.myeongpa.com/</a>",http://tong.visitkorea.or.kr/cms/resource/62/2907862_image2_1.JPG,http://tong.visitkorea.or.kr/cms/resource/62/2907862_image3_1.JPG,Type3,32,2,51,820,AC,AC05,AC050100,A03,A0302,A03021700,강원특별자치도 고성군 현내면 명파4길 47,,24701,128.4053255,38.5435698,6,"명파리는 민통선 바로 아래 위치한 우리나라 최북단 마을이다. 여기 해수욕장은 통일전망대에 들렀다 오는 사람들이 즐겨 찾는 곳이다. 최북단 군작전지역이라 군부대의 통제가 까다로운 편이나, 해수욕장 뒷편에 넓게 조성된 야영장과 주차장은 캠퍼들에게도 인기가 많은 곳이다. 백사장과 근접해 있는 데크지만 그늘이 적은게 단점. 여름철에는 해수욕장 진입로 다리 밑에서 은어낚시를 즐기는 사람들도 많다. ※ 반려동물 동반가능"
2907961,28,자작도캠핑장,2.02211E+13,2.02509E+13,,,"<a href=""https://jajakdo.zapza.me/Home/index""target=""_blank"" title=""새창 : 자작도캠핑장 홈페이지로 이동"">https://jajakdo.zapza.me/Home/index</a>",http://tong.visitkorea.or.kr/cms/resource/26/2907926_image2_1.JPG,http://tong.visitkorea.or.kr/cms/resource/26/2907926_image3_1.JPG,Type3,32,2,51,820,AC,AC05,AC050100,A03,A0302,A03021700,강원특별자치도 고성군 죽왕면 자작도선사길 105-1,,24752,128.5421815,38.30860545,6,"고성 삼포해수욕장아래 자작도해변 앞에 위치한 캠핑장이다. 각 사이트는 널찍한 나무데크로 총 28개의 사이트로 나눠져 있다. 캠핑장 앞은 넓고 깨끗한 백사장을 가진 삼포해수욕장이 있어 물놀이를 즐길 수 있다. 해수욕 후 관리사무소에 있는 공동 샤워실, 화장실을 이용할 수 있고 공동 개수대와 식수대 등이 마련되어 있다. 근처 왕곡마을, 화진포, 통일전망대 등 볼거리 많은 관광지를 함께 이용하기에도 좋다."
2929467,39,소울브릿지,2.02212E+13,2.02506E+13,,,,http://tong.visitkorea.or.kr/cms/resource/66/2929466_image2_1.JPG,http://tong.visitkorea.or.kr/cms/resource/66/2929466_image3_1.JPG,Type3,32,2,51,820,FD,FD05,FD050100,A05,A0502,A05020900,강원특별자치도 고성군 천진해변길 33 소울브릿지,,24764,128.5593203,38.25986424,6,"소울브릿지는 속초에서 차로 10분 거리인, 고성의 한적한 해안에 위치한 이탈리안 식당 겸 브런치 카페이다. 바다는 물론 설악산도 즐길 수 있는 뷰 맛집이다. 총 4개 층 300석 규모에 브런치와 이탈리안 요리, 디저트 메뉴를 갖추고, 호텔급 서비스를 제공한다. 어린이나 반려견과 방문해도 환영받는 곳으로, 온 가족이 방문하기 편리하다. 놀이방, 다양한 포토존, 북 카페, 빈백 코너가 준비되어 있다. 이탈리안 요리는 지역 특산물인 홍게, 오징어 등 해산물로 만들고 있어 이곳에서만 맛볼 수 있다."
2941159,32,서로재,2.02301E+13,2.02504E+13,,,"<a href=""https://seorojae.kr//""target=""_blank"" title=""새창 : 서로재 홈페이지로 이동"">https://seorojae.kr/</a>",http://tong.visitkorea.or.kr/cms/resource/11/2941111_image2_1.jpg,http://tong.visitkorea.or.kr/cms/resource/11/2941111_image3_1.jpg,Type3,32,2,51,820,AC,AC03,AC030100,B02,B0201,B02010700,강원특별자치도 고성군 봉수대길 118,,24750,128.5181279,38.31620687,6,"서로재는 ‘새벽 이슬을 맞이하는 집’이라는 뜻으로 그 이름처럼 새벽녘 풀 잎에 맺힌 이슬을 맞이할 수 있는 곳에 위치하고 있다. 서로재에 머무시는 동안 오랜 시간 이 땅에 자리 잡은 소나무들과 그 사이를 지나가는 바람, 새들의 노랫소리, 풀잎에 맺힌 이슬과 푸르른 이끼 정원, 빛이 수놓은 그림을 통해 충만한 자연을 경험하실 수 있다. 공기마저 차분한 곳, 이곳 서로재에서 자연을 통해 당신의 고단함이 차분히 위로 받기를 바라는 서로재이다."
2950046,32,g2002[한국관광 품질인증/Korea Quality],2.02302E+13,2.02506E+13,033-638-2002,이재철,,http://tong.visitkorea.or.kr/cms/resource/18/2949418_image2_1.jpg,http://tong.visitkorea.or.kr/cms/resource/18/2949418_image3_1.jpg,Type1,32,2,51,820,AC,AC04,AC040100,B02,B0201,B02010900,강원특별자치도 고성군 공현진길 8,,24745,128.5094525,38.35266078,6,"g2002는 강원도 고성에서 가장 넓고 깨끗한 모래사장을 갖고 있는 공현진 해변에 자리한 모텔이다. 전 객실 모두 오션뷰로, 객실에서 아름다운 일출을 감상할 수 있다. 낚시와 스쿠버, 서핑, 밀리터리 체험 등 즐길거리가 다양하다."
3065391,28,문암다이브리조트,2.02312E+13,2.02507E+13,,,,http://tong.visitkorea.or.kr/cms/resource/89/3065389_image2_1.jpg,http://tong.visitkorea.or.kr/cms/resource/89/3065389_image3_1.jpg,Type3,32,2,51,820,LS,LS02,LS020400,A03,A0303,A03030400,강원특별자치도 고성군 죽왕면 교암2길 65,,24752,128.5490091,38.29554044,6,"문암다이브리조트 1층에는 다이빙 리조트, 3층에는 창문이 통유리로 되어있어 전망을 즐기며 음료를 마실 수 있는 카페를 운영하고 있으며 4층엔 루프탑이 있어서 시원한 바람을 맞으면서 동서남북으로 바다를 조망할 수 있다. 문암다이브리조트에서는 시설 이용뿐만 아니라 다이빙교육, 체험다이빙, 펀다이빙 등 스쿠버다이빙을 배울 수 있으다. 또한 장비가 없더라도 장비 대여 서비스가 있어 장비를 대여해 체험이 가능하다. 인근에 인공어초, 금강산, 낙산대기 등 다이빙 포인트가 있으며, 인공어초는 꽤 깊은 수심이지만 포인트의 경계가 명확하여 스쿠버다이빙 교육 시 자주 이용되는 포인트이다. 금강산 포인트는 수중 봉우리가 여기저기 솟아 있으며 수심은 의외로 깊지 않아서 지형을 즐기기에 적합한 포인트이다. 낙산대기는 어드밴스드 다이버 수준에서 테크니컬 다이버들에 이르기까지 다이버들이 모두 만족할 수 있는 곳이며 최대 수심이 40m 이상인 깊은 포인트이다. 다이빙을 즐기면서 바닷속에 있는 성게, 조개, 돌문어 등 다양한 바다 생물들도 만나 볼 수 있다."
3068031,32,공방스테이,2.02312E+13,2.02509E+13,,,"<a href=""https://cafe.naver.com/gongbanghouse"" target=""_blank"" title=""새창: 공방스테이커피 홈페이지로 이동"">https://cafe.naver.com/gongbanghouse</a>",http://tong.visitkorea.or.kr/cms/resource/30/3068030_image2_1.jpg,http://tong.visitkorea.or.kr/cms/resource/30/3068030_image3_1.jpg,Type3,32,2,51,820,AC,AC03,AC030100,B02,B0201,B02010700,강원특별자치도 고성군 죽왕면 삼포민박촌길 8-15,,24750,128.5290797,38.31611265,6,"공방과 카페, 2인룸과 도미토리룸 공용주방으로 이루어진 게스트하우스 형식의 생활형 숙박시설이다. 숙소에서 조금만 걸어나가면 삼포해변을 갈 수 있다. 은세공체험, 조개모빌 만들기, 원석팔찌 등 다양한 체험이 있으며, 체험 시 음료도 제공된다. 또한 숙박고객은 공방체험을 할인해주고 있다. 핸드드립커피와 구운토스트, 텃밭에서 키운 야채로 만든 샐러드나 전이 조식으로 준비된다. 야외에 테이블이 있어 바베큐도 가능하다."
3082541,28,L.F문암다이브리조트,2.02311E+13,2.02506E+13,,,,http://tong.visitkorea.or.kr/cms/resource/34/3082534_image2_1.jpg,http://tong.visitkorea.or.kr/cms/resource/34/3082534_image3_1.jpg,Type3,32,2,51,820,LS,LS02,LS020400,A03,A0303,A03030400,강원특별자치도 고성군 죽왕면 괘진길 69,,24752,128.5502784,38.29644313,6,"문암 리조트와 LF 문암다이브 리조트가 바로 옆에 붙어 있었는데, 최근에 문암리조트는 따로 건물을 지어서 이전했고 LF문암리조트가 기존 문암리조트의 시설을 같이 넓게 쓰고 있다. 또한 확장한 덕분에 팀별로 넉넉히 자리를 쓸 수 있는 대기 장소 및 장비 세척 공간, 그리고 깔끔하게 단장한 샤워 시설도 좋다. 보트 타는 선착장이 바로 앞이라는 장점과 더불어 보트 다이빙 시 보트 양쪽에 리프트가 설치되어 있어서 출수가 굉장히 편리하다. 이론 교육과 장비 결합 및 해체에 관련해서 강의도 듣고 실습도 할 수 있다. 비바람이 불고 다른 곳은 배가 뜨지 못하는 날씨일 때도 동해 가장 북쪽 편에 위치한 고성은 배가 뜰 수 있을 때도 많다. 선착장이 바로 앞에 있고 수심도 얕아 교육이나 체크 다이빙을 하기에 좋다. 보트로 5분 정도 거리의 가까운 곳에 새로 개발된 인공어초 포인트도 있고, 최고수심 18M 최대수심 22M 정도의 어드밴스드 다이버용 포인트도 있다. 물 속으로 들어가면 바다 세상으로 다양한 물고기들이 다이버들을 반기며 이리저리 데리고 다닌다. 문암다이브리조는 낙산대기나 금강산, 인공어초 등의 아름다운 포인트들이 많이 있는 곳이다."
3513119,32,삼박한집,2.02507E+13,2.02507E+13,,,"<a href=""https://www.sambakhanzip.com/"" target=""_blank"" title=""새창 : 삼박한집 홈페이지로 이동"">https://www.sambakhanzip.com/</a>",http://tong.visitkorea.or.kr/cms/resource/92/3513092_image2_1.jpg,http://tong.visitkorea.or.kr/cms/resource/92/3513092_image3_1.jpg,Type3,32,2,51,820,AC,AC03,AC030100,B02,B0201,B02010700,강원특별자치도 고성군 토성면 봉포2길 12,,24765,128.56582,38.25140702,6,"삼박한 집은 숙박업 20년 경력의 집사가 새로 지은 강원도 고성 바닷가 감성 숙소이다. 80년생 일본 정통 히노끼탕이 전 객실 준비되어있다. 3면 침대 가드 및 18종의 아기용품이 있다. 강원건축문화상 특별상을 수상하였으며, 서울시 공공 건축가 설계이며 문화관광부 세이프 스테이에도 선정되었다."
3521198,12,고성 금강산,2.02508E+13,2.02508E+13,,,,http://tong.visitkorea.or.kr/cms/resource/18/3509118_image2_1.jpg,http://tong.visitkorea.or.kr/cms/resource/18/3509118_image3_1.jpg,Type1,32,2,51,820,NA,NA01,NA010100,A01,A0101,A01010400,강원특별자치도 고성군 토성면 화암사길 100,,24767,128.4700101,38.22644973,6,"민족의 명산이라 불리는 금강산은 화암사 입구부터 이어지는 등산로를 따라 오르면 일만 이천 개의 봉우리 중 가장 남쪽 봉우리인 신선봉에 닿는다. 신선봉 남쪽에는 울산바위가 자리하고 있으며, 금강산이 되기 위해 울산에서부터 올라오다가 선착순에 들지 못해 주저앉았다는 전설이 내려오는 바위다. 둘레가 4㎞에 달하는 여섯 개의 거대한 바위는 그 자체로도 엄청난 존재감을 자랑하며, 신선봉으로 가는 길에는 울산바위를 한눈에 볼 수 있는 명소인 ‘버섯바위’라 부르는 장소가 있다. 이곳의 비경이 조금씩 알려지면서 등산객이 늘어나고 있으며 입산 통제 기간과 울산바위가 보이는 정확한 위치를 알고 가는 것이 좋다. 등산 코스는 1.2㎞길이의 급경사 코스인 '등산하는 길', 2㎞길이의 완경사 코스인 '산림치유 길'로 나뉘어 있는데, 어느 코스를 선택하든 약 1시간 정도면 버섯바위에 도착한다. 등산로를 따라 신선대까지 왔다면 남쪽 숲으로 이어지는 오솔길을 따라가야 울산바위를 볼 수 있는 너른 바위인 버섯바위가 나타난다. 암반 지대 초입에서 울산바위가 빚어낸 절경을 훤히 감상할 수 있으며 끝쪽은 돌풍이 많이 부는 곳이라 위험한 상황이 발생할 수 있으니 주의가 필요하다."
3537626,39,레드인블루커피,2.02509E+13,2.02509E+13,,,,http://tong.visitkorea.or.kr/cms/resource/14/3537614_image2_1.jpg,http://tong.visitkorea.or.kr/cms/resource/14/3537614_image3_1.jpg,Type3,32,2,51,820,FD,FD05,FD050100,A05,A0502,A05020900,강원특별자치도 고성군 토성면 백촌3길 77,,24754,128.5408573,38.28591084,6,"레드인블루커피는 맑은 하늘에 떠있는 해를 모티브로 한 카페이다. 고성-속초-양양을 따라 펼쳐진 바다와 맑은 강원도의 하늘을 동시에 감상할 수 있는 힐링 카페로 곡선의 미가 가득한 감성적인 건물과 600평의 넓은 잔디 정원이 조화롭게 어우러지는 곳이다. 카페 건물에는 총 300석의 넉넉한 좌석이 마련되어 있고, 건물 1층 야외에는 잔디 정원을 따라 테라스 좌석이 이어져 있다. 건물 2층에 자리한 야외 테라스석에서는 멀리 설악산과 동해바다가 보인다. 스노우 화이트 톤의 건물 앞으로는 600평의 드넓은 잔디 정원이 펼쳐져 있다. 탁 트인 시야로 도시에서는 느낄 수 없는 해방감과 함께 고성의 아름다운 자연경관을 온전히 즐길 수 있는 곳이다. 레드인블루커피는 주말마다 솔드아웃되는 인기 베이커리 찰옥시기빵을 포함해 강원도에서 수확한 국내산 옥수수로 매일 아침 매장에서 직접 만드는 옥시기 베이커리는 전국의 빵덕후들에게 빵지순례, 빵킷리스트로 꼽히고 있다. 옥시기빵은 달콤하고 부드러운 옥수수크림과 톡톡 터지는 옥수수 알갱이가 가득 들어있다. 강원도 정선 지역에서 수확한 국내산 옥수수만을 사용하여 빵을 만들어 판매한다."
421977,15,고성명태축제,2.00801E+13,2.02508E+13,"033-681-0121,0122",고성군,"<a href=""http://xn--v42bo22b.kr/"" target=""_blank"" title=""새창 : 고성통일명태축제 굿럭페스티벌 홈페이지 이동"">http://xn--v42bo22b.kr/</a>",http://tong.visitkorea.or.kr/cms/resource/89/3516189_image2_1.jpg,http://tong.visitkorea.or.kr/cms/resource/89/3516189_image3_1.jpg,Type3,32,2,51,820,EV,EV01,EV010200,A02,A0207,A02070200,강원특별자치도 고성군 거진읍 대대리,11리 해변,24725,128.4550075,38.44224094,6,"예로부터 신성함을 상징하는 명태, 명태의 부릅뜬 눈은 나쁜 기운이 들어오는것을 감시하고, 벌어진 입으로 액운을 먹어 없앤다고 한다. 귀한 명태에 귀한 명주실을 감아 일이 숭숭 잘 풀리기를, 재물운도 길게 뻗어 나가기를 바라는 우리 고유의 풍습은 오래도록 전해져 내려오고 있다."
736620,14,6·25 전쟁체험전시관,2.00905E+13,2.02507E+13,,,"<a href=""http://www.tongiltour.co.kr/tongil/company/2-5"" target=""_blank"" title=""새창 : 통일전망대 홈페이지로 이동"">www.tongiltour.co.kr</a>",http://tong.visitkorea.or.kr/cms/resource/17/3394017_image2_1.JPG,http://tong.visitkorea.or.kr/cms/resource/17/3394017_image3_1.JPG,Type3,32,2,51,820,VE,VE07,VE070300,A02,A0206,A02060300,강원특별자치도 고성군 현내면 금강산로 481,,24702,128.4178947,38.51483729,6,통일전망대에서는 동족상잔의 비극을 교훈삼고 민족화합과 조국의 평화통일을 염원하기 위해 6.25전쟁을 체험할 수 있는 6.25전쟁체험전시관을 개관·운영하고 있다. 6.25 전쟁체험전시관은 한국전쟁의 역사와 그 아픔을 체험할 수 있는 곳이다. 전시관은 전쟁 당시의 중요한 사건들을 생생하게 재현하며 다양한 유물과 기록들이 전시되어 있고 전쟁의 의미와 교훈을 되새길 수 있는 기회를 제공한다. 6.25 전쟁체험전시관은 고성 지역의 역사적 가치를 전달하고 있다.
778140,14,고성 DMZ박물관,2.00908E+13,2.02507E+13,,,"<a href=""http://www.dmzmuseum.com/"" target=""_blank"" title=""새창 : DMZ박물관 홈페이지로 이동"">http://www.dmzmuseum.com</a>",http://tong.visitkorea.or.kr/cms/resource/51/2921751_image2_1.jpg,http://tong.visitkorea.or.kr/cms/resource/51/2921751_image3_1.jpg,Type3,32,2,51,820,VE,VE07,VE070100,A02,A0206,A02060100,강원특별자치도 고성군 현내면 통일전망대로 369,,24701,128.3826571,38.57632386,6,"DMZ박물관은 남북한 평화와 안정을 바라는 전 국민의 염원을 담아 동해안 최북단인 군사분계선과 근접한 민통선 내에 있다. 지구 상에 남아 있는 유일한 분단국의 상징인 DMZ를 통하여 지난 1950년 한국전쟁 발발 전후 모습과 휴전협정으로 탄생한 휴전선이 갖는 역사적인 의미, 이로 인해 나타난 동족 간 이산의 아픔, 지속되는 군사적인 충돌, 60여 년간 사람의 손길이 닿지 않아 원형 그대로 보존되어 있는 생태환경 등을 전시물이나 영상물로 재구성하였다."
925616,12,송지호관망타워,2.01001E+13,2.02507E+13,,,"<a title=""새창 : 고성군청 문화관광 홈페이지로 이동"" href=""http://www.gwgs.go.kr/prog/tursmCn/tour/sub02_05/view.do?cntno=49"" target=""_blank"">http://www.gwgs.go.kr</a>",http://tong.visitkorea.or.kr/cms/resource/76/3338876_image2_1.jpg,http://tong.visitkorea.or.kr/cms/resource/76/3338876_image3_1.jpg,Type3,32,2,51,820,VE,VE01,VE010200,A02,A0205,A02050600,강원특별자치도 고성군 죽왕면 동해대로 6021,,24747,128.5173718,38.33599066,6,"송지호관망타워는 지상 4층, 면적 278.47㎡ 규모의 관망타워 형태로 2007년 7월 5일 개관하였다. 2024년 3월부터 해양쓰레기를 활용한 비치코밍 전시&체험관이 운영되고 있다. 엘리베이터를 타고 5층으로 올라가면 전망 공간을 즐길 수 있는 카페를 이용할 수 있다. 또한 종합관광레저타운으로 새롭게 변모한 송지호는 주변에 송지호해수욕장과 왕곡마을, 오토캠핑장, 해양심층수단지 등 다양한 볼거리와 즐길거리가 있어 가족단위 테마체험 관광지로 각광받고 있다."
